season,wins,draws,losses,points
1,15,6,13,51
2,22,5,7,71
3,19,5,10,62
4,21,5,8,68
5,18,4,12,58
6,19,6,9,63
7,16,6,12,54
8,19,5,10,62
9,19,8,7,65
10,16,6,12,54
11,12,8,14,44
12,19,3,12,60
13,12,11,11,47
14,17,5,12,56
15,15,6,13,51
16,17,4,13,55
17,17,9,8,60
18,18,8,8,62
19,18,4,12,58
20,17,6,11,57
21,18,6,10,60
22,13,15,6,54
23,21,5,8,68
24,20,5,9,65
25,16,6,12,54
26,15,6,13,51
27,18,9,7,63
28,18,8,8,62
29,24,2,8,74
30,14,5,15,47
31,19,8,7,65
32,11,8,15,41
33,13,12,9,51
34,17,9,8,60
35,18,7,9,61
36,12,8,14,44
37,16,5,13,53
38,14,11,9,53
39,14,5,15,47
40,18,6,10,60
41,11,10,13,43
42,15,8,11,53
43,16,6,12,54
44,15,8,11,53
45,15,9,10,54
46,22,3,9,69
47,19,7,8,64
48,19,5,10,62
49,16,5,13,53
50,18,4,12,58
51,10,8,16,38
52,17,10,7,61
53,18,7,9,61
54,13,9,12,48
55,19,1,14,58
56,19,4,11,61
57,14,9,11,51
58,23,4,7,73
59,15,6,13,51
60,12,6,16,42
61,24,5,5,77
62,16,4,14,52
63,16,5,13,53
64,15,6,13,51
65,14,9,11,51
66,19,4,11,61
67,17,3,14,54
68,17,9,8,60
69,16,8,10,56
70,14,8,12,50
71,18,4,12,58
72,13,7,14,46
73,17,4,13,55
74,20,6,8,66
75,12,7,15,43
76,23,5,6,74
77,14,10,10,52
78,16,11,7,59
79,18,8,8,62
80,13,8,13,47
81,18,12,4,66
82,17,8,9,59
83,19,5,10,62
84,15,7,12,52
85,22,5,7,71
86,14,9,11,51
87,16,8,10,56
88,18,7,9,61
89,21,5,8,68
90,18,8,8,62
91,14,8,12,50
92,14,9,11,51
93,18,7,9,61
94,19,5,10,62
95,10,8,16,38
96,17,8,9,59
97,18,6,10,60
98,15,10,9,55
99,14,12,8,54
100,15,3,16,48
101,15,10,9,55
102,16,8,10,56
103,14,11,9,53
104,12,5,17,41
105,20,6,8,66
106,16,9,9,57
107,19,5,10,62
108,13,5,16,44
109,15,9,10,54
110,13,7,14,46
111,15,10,9,55
112,15,10,9,55
113,16,10,8,58
114,16,8,10,56
115,8,10,16,34
116,16,7,11,55
117,14,8,12,50
118,14,8,12,50
119,13,7,14,46
120,20,6,8,66
121,15,7,12,52
122,14,8,12,50
123,17,11,6,62
124,21,5,8,68
125,20,3,11,63
126,18,4,12,58
127,11,10,13,43
128,14,8,12,50
129,18,4,12,58
130,18,5,11,59
131,13,10,11,49
132,22,6,6,72
133,14,7,13,49
134,13,5,16,44
135,18,6,10,60
136,17,5,12,56
137,21,4,9,67
138,17,7,10,58
139,16,5,13,53
140,14,7,13,49
141,20,6,8,66
142,15,10,9,55
143,15,12,7,57
144,14,8,12,50
145,19,6,9,63
146,16,8,10,56
147,13,6,15,45
148,20,2,12,62
149,13,8,13,47
150,15,7,12,52
151,15,9,10,54
152,16,7,11,55
153,9,9,16,36
154,14,13,7,55
155,10,14,10,44
156,16,11,7,59
157,16,11,7,59
158,17,8,9,59
159,19,5,10,62
160,19,6,9,63
161,16,6,12,54
162,20,6,8,66
163,15,6,13,51
164,21,4,9,67
165,20,5,9,65
166,15,8,11,53
167,16,7,11,55
168,15,4,15,49
169,19,4,11,61
170,18,7,9,61
171,15,11,8,56
172,16,7,11,55
173,15,10,9,55
174,15,8,11,53
175,17,8,9,59
176,12,7,15,43
177,15,4,15,49
178,18,6,10,60
179,14,8,12,50
180,14,12,8,54
181,15,5,14,50
182,14,6,14,48
183,15,5,14,50
184,12,10,12,46
185,10,7,17,37
186,14,8,12,50
187,13,11,10,50
188,16,11,7,59
189,19,5,10,62
190,19,8,7,65
191,16,6,12,54
192,20,3,11,63
193,15,8,11,53
194,15,4,15,49
195,17,6,11,57
196,13,8,13,47
197,10,8,16,38
198,15,9,10,54
199,22,4,8,70
200,14,6,14,48
201,15,7,12,52
202,15,9,10,54
203,20,6,8,66
204,14,5,15,47
205,15,9,10,54
206,14,10,10,52
207,16,8,10,56
208,17,7,10,58
209,14,11,9,53
210,12,6,16,42
211,13,6,15,45
212,18,5,11,59
213,15,5,14,50
214,19,6,9,63
215,21,7,6,70
216,22,4,8,70
217,16,6,12,54
218,13,5,16,44
219,17,7,10,58
220,17,5,12,56
221,12,11,11,47
222,14,3,17,45
223,12,9,13,45
224,13,8,13,47
225,14,10,10,52
226,18,4,12,58
227,13,10,11,49
228,19,2,13,59
229,12,8,14,44
230,13,11,10,50
231,16,7,11,55
232,19,7,8,64
233,19,4,11,61
234,19,5,10,62
235,12,9,13,45
236,17,9,8,60
237,17,8,9,59
238,10,13,11,43
239,16,8,10,56
240,16,9,9,57
241,14,6,14,48
242,14,6,14,48
243,19,4,11,61
244,14,9,11,51
245,20,3,11,63
246,21,5,8,68
247,9,12,13,39
248,17,5,12,56
249,13,10,11,49
250,19,5,10,62
251,14,9,11,51
252,18,6,10,60
253,17,9,8,60
254,24,4,6,76
255,11,12,11,45
256,17,8,9,59
257,13,11,10,50
258,21,5,8,68
259,19,3,12,60
260,13,12,9,51
261,12,12,10,48
262,21,5,8,68
263,16,7,11,55
264,15,7,12,52
265,14,11,9,53
266,17,8,9,59
267,18,6,10,60
268,15,5,14,50
269,13,14,7,53
270,12,7,15,43
271,16,7,11,55
272,17,8,9,59
273,15,6,13,51
274,14,11,9,53
275,16,6,12,54
276,12,11,11,47
277,18,6,10,60
278,17,6,11,57
279,19,5,10,62
280,10,9,15,39
281,11,7,16,40
282,21,4,9,67
283,17,9,8,60
284,21,5,8,68
285,14,5,15,47
286,15,9,10,54
287,22,4,8,70
288,16,10,8,58
289,15,10,9,55
290,14,9,11,51
291,13,9,12,48
292,11,8,15,41
293,13,12,9,51
294,13,11,10,50
295,17,6,11,57
296,15,11,8,56
297,17,9,8,60
298,17,6,11,57
299,16,4,14,52
300,16,6,12,54
301,17,8,9,59
302,14,8,12,50
303,14,10,10,52
304,19,7,8,64
305,15,8,11,53
306,15,6,13,51
307,17,10,7,61
308,15,8,11,53
309,13,11,10,50
310,16,5,13,53
311,19,8,7,65
312,16,7,11,55
313,18,4,12,58
314,15,9,10,54
315,17,10,7,61
316,10,9,15,39
317,15,13,6,58
318,15,10,9,55
319,17,10,7,61
320,19,7,8,64
321,18,8,8,62
322,16,5,13,53
323,17,9,8,60
324,14,10,10,52
325,11,12,11,45
326,9,9,16,36
327,17,8,9,59
328,20,7,7,67
329,18,8,8,62
330,19,10,5,67
331,16,10,8,58
332,16,4,14,52
333,15,10,9,55
334,16,7,11,55
335,12,10,12,46
336,18,4,12,58
337,19,8,7,65
338,18,7,9,61
339,15,10,9,55
340,13,6,15,45
341,16,6,12,54
342,20,3,11,63
343,17,7,10,58
344,19,7,8,64
345,13,8,13,47
346,17,8,9,59
347,12,8,14,44
348,17,12,5,63
349,16,7,11,55
350,12,8,14,44
351,15,3,16,48
352,18,6,10,60
353,21,3,10,66
354,21,2,11,65
355,9,10,15,37
356,14,8,12,50
357,18,3,13,57
358,15,8,11,53
359,16,9,9,57
360,12,8,14,44
361,16,2,16,50
362,17,9,8,60
363,16,10,8,58
364,15,9,10,54
365,15,9,10,54
366,16,7,11,55
367,20,5,9,65
368,15,5,14,50
369,16,7,11,55
370,20,7,7,67
371,18,6,10,60
372,11,9,14,42
373,12,10,12,46
374,14,9,11,51
375,21,5,8,68
376,11,9,14,42
377,19,6,9,63
378,15,2,17,47
379,13,7,14,46
380,14,10,10,52
381,20,6,8,66
382,11,9,14,42
383,19,7,8,64
384,17,5,12,56
385,17,11,6,62
386,12,7,15,43
387,19,8,7,65
388,13,9,12,48
389,9,13,12,40
390,15,11,8,56
391,22,2,10,68
392,16,5,13,53
393,18,7,9,61
394,17,6,11,57
395,13,7,14,46
396,19,1,14,58
397,14,9,11,51
398,19,5,10,62
399,18,7,9,61
400,16,4,14,52
401,16,9,9,57
402,14,10,10,52
403,17,7,10,58
404,18,4,12,58
405,19,7,8,64
406,14,10,10,52
407,12,9,13,45
408,15,9,10,54
409,17,8,9,59
410,16,5,13,53
411,14,8,12,50
412,14,7,13,49
413,17,7,10,58
414,19,5,10,62
415,15,7,12,52
416,12,7,15,43
417,21,7,6,70
418,14,5,15,47
419,14,5,15,47
420,15,7,12,52
421,17,8,9,59
422,16,8,10,56
423,17,11,6,62
424,14,13,7,55
425,14,10,10,52
426,17,9,8,60
427,18,6,10,60
428,18,8,8,62
429,16,6,12,54
430,20,3,11,63
431,12,7,15,43
432,21,5,8,68
433,18,6,10,60
434,17,7,10,58
435,15,11,8,56
436,20,7,7,67
437,19,3,12,60
438,17,6,11,57
439,10,12,12,42
440,14,8,12,50
441,16,6,12,54
442,18,8,8,62
443,13,10,11,49
444,9,9,16,36
445,13,9,12,48
446,16,9,9,57
447,14,11,9,53
448,14,10,10,52
449,15,10,9,55
450,11,5,18,38
451,22,2,10,68
452,20,5,9,65
453,18,8,8,62
454,13,6,15,45
455,18,7,9,61
456,20,3,11,63
457,13,6,15,45
458,18,8,8,62
459,14,3,17,45
460,19,8,7,65
461,15,6,13,51
462,17,10,7,61
463,18,6,10,60
464,20,3,11,63
465,19,5,10,62
466,17,8,9,59
467,15,8,11,53
468,12,8,14,44
469,17,3,14,54
470,23,4,7,73
471,14,10,10,52
472,14,7,13,49
473,16,9,9,57
474,21,6,7,69
475,19,6,9,63
476,13,8,13,47
477,14,4,16,46
478,9,12,13,39
479,15,1,18,46
480,15,6,13,51
481,12,8,14,44
482,19,8,7,65
483,12,9,13,45
484,17,4,13,55
485,16,8,10,56
486,16,7,11,55
487,21,3,10,66
488,15,8,11,53
489,18,5,11,59
490,20,4,10,64
491,21,0,13,63
492,21,3,10,66
493,19,7,8,64
494,15,6,13,51
495,14,7,13,49
496,13,8,13,47
497,13,13,8,52
498,18,8,8,62
499,15,6,13,51
500,16,6,12,54
501,14,9,11,51
502,21,5,8,68
503,20,10,4,70
504,15,5,14,50
505,14,10,10,52
506,13,5,16,44
507,12,12,10,48
508,14,10,10,52
509,15,11,8,56
510,15,9,10,54
511,17,6,11,57
512,17,2,15,53
513,19,3,12,60
514,15,8,11,53
515,15,11,8,56
516,21,6,7,69
517,18,6,10,60
518,14,6,14,48
519,17,5,12,56
520,20,6,8,66
521,21,8,5,71
522,14,9,11,51
523,17,5,12,56
524,15,8,11,53
525,13,5,16,44
526,15,4,15,49
527,19,6,9,63
528,24,3,7,75
529,15,10,9,55
530,14,8,12,50
531,19,5,10,62
532,18,4,12,58
533,22,5,7,71
534,17,11,6,62
535,18,7,9,61
536,15,9,10,54
537,18,6,10,60
538,14,3,17,45
539,16,10,8,58
540,15,6,13,51
541,18,8,8,62
542,19,2,13,59
543,17,4,13,55
544,14,7,13,49
545,17,10,7,61
546,14,8,12,50
547,12,10,12,46
548,18,6,10,60
549,15,11,8,56
550,15,8,11,53
551,21,3,10,66
552,18,6,10,60
553,10,8,16,38
554,19,6,9,63
555,19,6,9,63
556,17,5,12,56
557,17,7,10,58
558,14,5,15,47
559,15,9,10,54
560,19,3,12,60
561,13,6,15,45
562,19,6,9,63
563,19,6,9,63
564,18,6,10,60
565,16,9,9,57
566,13,8,13,47
567,11,6,17,39
568,13,7,14,46
569,20,5,9,65
570,19,7,8,64
571,21,4,9,67
572,17,6,11,57
573,20,6,8,66
574,13,9,12,48
575,15,9,10,54
576,13,10,11,49
577,17,11,6,62
578,15,7,12,52
579,12,8,14,44
580,16,7,11,55
581,16,5,13,53
582,13,8,13,47
583,17,5,12,56
584,13,9,12,48
585,13,12,9,51
586,19,7,8,64
587,19,5,10,62
588,18,4,12,58
589,16,8,10,56
590,19,5,10,62
591,15,10,9,55
592,13,6,15,45
593,18,5,11,59
594,14,10,10,52
595,16,9,9,57
596,18,6,10,60
597,17,8,9,59
598,13,7,14,46
599,22,4,8,70
600,13,8,13,47
601,14,10,10,52
602,18,4,12,58
603,13,8,13,47
604,12,7,15,43
605,17,6,11,57
606,11,10,13,43
607,13,6,15,45
608,16,6,12,54
609,18,5,11,59
610,13,11,10,50
611,12,7,15,43
612,14,8,12,50
613,17,8,9,59
614,18,9,7,63
615,18,9,7,63
616,15,3,16,48
617,16,11,7,59
618,18,9,7,63
619,15,6,13,51
620,14,7,13,49
621,15,6,13,51
622,19,6,9,63
623,16,9,9,57
624,15,7,12,52
625,14,9,11,51
626,9,8,17,35
627,17,6,11,57
628,12,7,15,43
629,11,6,17,39
630,16,7,11,55
631,20,6,8,66
632,19,7,8,64
633,12,12,10,48
634,19,7,8,64
635,11,10,13,43
636,18,10,6,64
637,21,6,7,69
638,13,8,13,47
639,18,6,10,60
640,14,8,12,50
641,10,11,13,41
642,20,5,9,65
643,14,12,8,54
644,12,9,13,45
645,14,8,12,50
646,18,5,11,59
647,14,9,11,51
648,15,10,9,55
649,23,7,4,76
650,18,6,10,60
651,21,5,8,68
652,14,10,10,52
653,14,7,13,49
654,16,7,11,55
655,17,5,12,56
656,16,8,10,56
657,18,6,10,60
658,15,11,8,56
659,15,5,14,50
660,13,10,11,49
661,16,7,11,55
662,18,5,11,59
663,18,5,11,59
664,19,5,10,62
665,14,9,11,51
666,15,10,9,55
667,16,9,9,57
668,12,13,9,49
669,15,9,10,54
670,14,9,11,51
671,17,5,12,56
672,19,7,8,64
673,12,8,14,44
674,13,10,11,49
675,18,5,11,59
676,21,6,7,69
677,11,6,17,39
678,11,9,14,42
679,20,7,7,67
680,15,5,14,50
681,19,2,13,59
682,16,7,11,55
683,19,9,6,66
684,18,3,13,57
685,20,5,9,65
686,14,7,13,49
687,22,8,4,74
688,17,8,9,59
689,17,11,6,62
690,13,7,14,46
691,22,7,5,73
692,16,10,8,58
693,16,4,14,52
694,18,11,5,65
695,14,8,12,50
696,14,10,10,52
697,16,11,7,59
698,16,10,8,58
699,21,6,7,69
700,15,6,13,51
701,15,7,12,52
702,12,8,14,44
703,15,4,15,49
704,22,6,6,72
705,21,9,4,72
706,16,5,13,53
707,13,10,11,49
708,16,6,12,54
709,15,10,9,55
710,18,7,9,61
711,21,6,7,69
712,11,13,10,46
713,12,8,14,44
714,18,7,9,61
715,19,8,7,65
716,16,6,12,54
717,16,10,8,58
718,18,4,12,58
719,21,6,7,69
720,12,7,15,43
721,15,5,14,50
722,15,11,8,56
723,11,9,14,42
724,13,7,14,46
725,15,9,10,54
726,19,5,10,62
727,17,6,11,57
728,9,11,14,38
729,18,3,13,57
730,16,8,10,56
731,17,6,11,57
732,19,5,10,62
733,17,7,10,58
734,15,9,10,54
735,15,8,11,53
736,14,5,15,47
737,16,9,9,57
738,16,8,10,56
739,15,4,15,49
740,15,7,12,52
741,18,6,10,60
742,9,7,18,34
743,20,6,8,66
744,20,1,13,61
745,14,10,10,52
746,15,10,9,55
747,14,9,11,51
748,18,9,7,63
749,17,8,9,59
750,17,7,10,58
751,18,6,10,60
752,19,9,6,66
753,18,7,9,61
754,14,6,14,48
755,15,11,8,56
756,12,6,16,42
757,13,8,13,47
758,17,11,6,62
759,17,6,11,57
760,13,8,13,47
761,16,8,10,56
762,15,4,15,49
763,15,5,14,50
764,18,2,14,56
765,15,4,15,49
766,16,6,12,54
767,17,7,10,58
768,15,12,7,57
769,14,9,11,51
770,15,4,15,49
771,15,3,16,48
772,14,9,11,51
773,13,5,16,44
774,19,2,13,59
775,14,5,15,47
776,14,8,12,50
777,18,3,13,57
778,17,8,9,59
779,15,3,16,48
780,16,4,14,52
781,17,4,13,55
782,14,8,12,50
783,15,10,9,55
784,19,5,10,62
785,20,6,8,66
786,18,7,9,61
787,18,4,12,58
788,14,5,15,47
789,19,6,9,63
790,18,5,11,59
791,7,8,19,29
792,11,11,12,44
793,11,10,13,43
794,15,5,14,50
795,18,6,10,60
796,18,6,10,60
797,17,6,11,57
798,15,11,8,56
799,16,7,11,55
800,14,7,13,49
801,15,7,12,52
802,13,8,13,47
803,15,11,8,56
804,14,10,10,52
805,16,4,14,52
806,15,6,13,51
807,16,7,11,55
808,16,5,13,53
809,17,8,9,59
810,18,4,12,58
811,14,8,12,50
812,19,7,8,64
813,14,5,15,47
814,8,13,13,37
815,18,5,11,59
816,17,11,6,62
817,13,10,11,49
818,20,8,6,68
819,16,3,15,51
820,16,6,12,54
821,21,5,8,68
822,12,8,14,44
823,16,10,8,58
824,17,7,10,58
825,15,15,4,60
826,18,9,7,63
827,19,5,10,62
828,18,3,13,57
829,11,12,11,45
830,21,8,5,71
831,19,5,10,62
832,15,9,10,54
833,12,9,13,45
834,18,8,8,62
835,16,6,12,54
836,20,5,9,65
837,19,8,7,65
838,13,12,9,51
839,18,5,11,59
840,18,3,13,57
841,14,8,12,50
842,18,7,9,61
843,18,5,11,59
844,14,6,14,48
845,16,5,13,53
846,19,5,10,62
847,16,9,9,57
848,22,4,8,70
849,18,6,10,60
850,13,11,10,50
851,12,9,13,45
852,15,6,13,51
853,18,7,9,61
854,16,7,11,55
855,15,11,8,56
856,14,6,14,48
857,12,9,13,45
858,14,8,12,50
859,15,5,14,50
860,15,12,7,57
861,17,3,14,54
862,12,11,11,47
863,14,10,10,52
864,20,7,7,67
865,12,4,18,40
866,19,7,8,64
867,14,6,14,48
868,11,10,13,43
869,12,6,16,42
870,15,9,10,54
871,14,8,12,50
872,12,13,9,49
873,18,5,11,59
874,16,4,14,52
875,18,5,11,59
876,18,7,9,61
877,17,6,11,57
878,23,3,8,72
879,22,6,6,72
880,17,6,11,57
881,19,7,8,64
882,15,8,11,53
883,18,7,9,61
884,12,10,12,46
885,16,10,8,58
886,21,4,9,67
887,21,3,10,66
888,17,7,10,58
889,14,8,12,50
890,14,11,9,53
891,17,8,9,59
892,14,8,12,50
893,22,7,5,73
894,17,6,11,57
895,15,8,11,53
896,15,10,9,55
897,19,4,11,61
898,16,9,9,57
899,19,9,6,66
900,19,9,6,66
901,19,6,9,63
902,13,11,10,50
903,14,10,10,52
904,18,5,11,59
905,11,9,14,42
906,17,8,9,59
907,19,5,10,62
908,14,12,8,54
909,17,12,5,63
910,13,10,11,49
911,14,9,11,51
912,15,6,13,51
913,19,3,12,60
914,14,7,13,49
915,14,9,11,51
916,14,4,16,46
917,19,5,10,62
918,10,10,14,40
919,21,6,7,69
920,16,9,9,57
921,16,8,10,56
922,14,8,12,50
923,12,6,16,42
924,11,9,14,42
925,14,10,10,52
926,20,7,7,67
927,15,10,9,55
928,16,7,11,55
929,21,3,10,66
930,20,8,6,68
931,14,12,8,54
932,9,11,14,38
933,19,4,11,61
934,16,9,9,57
935,17,5,12,56
936,18,2,14,56
937,17,8,9,59
938,12,9,13,45
939,18,8,8,62
940,15,7,12,52
941,17,7,10,58
942,17,4,13,55
943,13,8,13,47
944,20,3,11,63
945,12,9,13,45
946,19,6,9,63
947,15,11,8,56
948,13,11,10,50
949,18,6,10,60
950,16,9,9,57
951,11,13,10,46
952,15,7,12,52
953,17,9,8,60
954,20,5,9,65
955,13,12,9,51
956,17,7,10,58
957,20,6,8,66
958,15,13,6,58
959,16,7,11,55
960,12,7,15,43
961,16,6,12,54
962,18,8,8,62
963,17,6,11,57
964,16,9,9,57
965,17,9,8,60
966,21,4,9,67
967,18,10,6,64
968,13,8,13,47
969,15,9,10,54
970,17,6,11,57
971,19,6,9,63
972,19,6,9,63
973,15,4,15,49
974,16,8,10,56
975,13,8,13,47
976,17,9,8,60
977,12,9,13,45
978,17,5,12,56
979,16,12,6,60
980,17,7,10,58
981,18,7,9,61
982,11,9,14,42
983,19,4,11,61
984,15,8,11,53
985,14,5,15,47
986,21,3,10,66
987,16,8,10,56
988,19,6,9,63
989,15,6,13,51
990,15,4,15,49
991,11,5,18,38
992,15,9,10,54
993,12,8,14,44
994,10,12,12,42
995,13,6,15,45
996,15,8,11,53
997,21,4,9,67
998,16,7,11,55
999,15,9,10,54
1000,18,6,10,60
1001,15,4,15,49
1002,18,3,13,57
1003,12,11,11,47
1004,16,6,12,54
1005,14,5,15,47
1006,14,8,12,50
1007,15,8,11,53
1008,17,6,11,57
1009,19,6,9,63
1010,15,8,11,53
1011,22,8,4,74
1012,22,4,8,70
1013,16,5,13,53
1014,18,8,8,62
1015,18,4,12,58
1016,15,8,11,53
1017,19,6,9,63
1018,17,7,10,58
1019,11,9,14,42
1020,14,8,12,50
1021,14,9,11,51
1022,13,7,14,46
1023,14,10,10,52
1024,12,8,14,44
1025,17,6,11,57
1026,16,8,10,56
1027,16,5,13,53
1028,21,3,10,66
1029,20,5,9,65
1030,16,4,14,52
1031,15,6,13,51
1032,18,8,8,62
1033,12,11,11,47
1034,19,10,5,67
1035,14,6,14,48
1036,14,5,15,47
1037,19,4,11,61
1038,15,8,11,53
1039,14,10,10,52
1040,20,4,10,64
1041,15,7,12,52
1042,19,6,9,63
1043,14,12,8,54
1044,19,9,6,66
1045,17,7,10,58
1046,15,5,14,50
1047,17,6,11,57
1048,17,6,11,57
1049,9,8,17,35
1050,19,6,9,63
1051,13,10,11,49
1052,13,4,17,43
1053,17,10,7,61
1054,19,6,9,63
1055,17,5,12,56
1056,18,3,13,57
1057,12,11,11,47
1058,15,9,10,54
1059,15,9,10,54
1060,19,7,8,64
1061,18,4,12,58
1062,19,6,9,63
1063,13,7,14,46
1064,19,7,8,64
1065,21,5,8,68
1066,21,5,8,68
1067,14,9,11,51
1068,16,6,12,54
1069,14,9,11,51
1070,16,7,11,55
1071,15,7,12,52
1072,16,6,12,54
1073,12,8,14,44
1074,13,7,14,46
1075,17,7,10,58
1076,11,13,10,46
1077,16,8,10,56
1078,12,8,14,44
1079,16,9,9,57
1080,17,6,11,57
1081,14,6,14,48
1082,17,5,12,56
1083,19,11,4,68
1084,14,9,11,51
1085,14,12,8,54
1086,15,9,10,54
1087,18,6,10,60
1088,21,6,7,69
1089,17,9,8,60
1090,17,7,10,58
1091,16,9,9,57
1092,15,6,13,51
1093,16,8,10,56
1094,16,10,8,58
1095,13,9,12,48
1096,18,6,10,60
1097,18,5,11,59
1098,13,5,16,44
1099,16,5,13,53
1100,19,5,10,62
1101,18,6,10,60
1102,19,9,6,66
1103,22,4,8,70
1104,19,7,8,64
1105,19,6,9,63
1106,12,8,14,44
1107,17,6,11,57
1108,16,10,8,58
1109,16,8,10,56
1110,14,6,14,48
1111,16,8,10,56
1112,16,8,10,56
1113,19,6,9,63
1114,11,10,13,43
1115,15,5,14,50
1116,13,5,16,44
1117,14,12,8,54
1118,18,9,7,63
1119,17,6,11,57
1120,16,6,12,54
1121,15,9,10,54
1122,16,6,12,54
1123,15,11,8,56
1124,18,7,9,61
1125,16,6,12,54
1126,14,7,13,49
1127,21,7,6,70
1128,20,6,8,66
1129,17,6,11,57
1130,14,8,12,50
1131,17,10,7,61
1132,20,7,7,67
1133,18,6,10,60
1134,16,5,13,53
1135,18,6,10,60
1136,18,7,9,61
1137,18,6,10,60
1138,17,9,8,60
1139,14,10,10,52
1140,12,9,13,45
1141,18,6,10,60
1142,17,6,11,57
1143,13,8,13,47
1144,14,9,11,51
1145,16,7,11,55
1146,19,3,12,60
1147,14,9,11,51
1148,20,4,10,64
1149,19,9,6,66
1150,17,5,12,56
1151,15,11,8,56
1152,15,9,10,54
1153,18,10,6,64
1154,17,9,8,60
1155,21,5,8,68
1156,19,5,10,62
1157,21,4,9,67
1158,17,7,10,58
1159,16,7,11,55
1160,14,6,14,48
1161,19,9,6,66
1162,17,8,9,59
1163,19,8,7,65
1164,13,8,13,47
1165,19,5,10,62
1166,13,9,12,48
1167,16,9,9,57
1168,14,12,8,54
1169,21,5,8,68
1170,14,7,13,49
1171,17,6,11,57
1172,18,9,7,63
1173,18,11,5,65
1174,17,6,11,57
1175,16,6,12,54
1176,20,4,10,64
1177,16,6,12,54
1178,13,9,12,48
1179,15,8,11,53
1180,19,3,12,60
1181,19,6,9,63
1182,19,5,10,62
1183,17,9,8,60
1184,16,5,13,53
1185,20,4,10,64
1186,13,7,14,46
1187,21,4,9,67
1188,14,7,13,49
1189,17,4,13,55
1190,15,9,10,54
1191,20,7,7,67
1192,17,8,9,59
1193,13,10,11,49
1194,16,5,13,53
1195,15,8,11,53
1196,17,7,10,58
1197,21,8,5,71
1198,17,7,10,58
1199,18,8,8,62
1200,11,10,13,43
1201,14,11,9,53
1202,18,6,10,60
1203,8,9,17,33
1204,18,4,12,58
1205,16,10,8,58
1206,16,6,12,54
1207,16,9,9,57
1208,15,7,12,52
1209,16,7,11,55
1210,8,14,12,38
1211,14,9,11,51
1212,13,11,10,50
1213,16,7,11,55
1214,17,6,11,57
1215,16,6,12,54
1216,12,5,17,41
1217,18,4,12,58
1218,17,9,8,60
1219,16,4,14,52
1220,14,11,9,53
1221,15,9,10,54
1222,14,8,12,50
1223,16,5,13,53
1224,18,5,11,59
1225,18,7,9,61
1226,22,7,5,73
1227,18,4,12,58
1228,19,5,10,62
1229,22,7,5,73
1230,7,9,18,30
1231,15,8,11,53
1232,14,11,9,53
1233,19,9,6,66
1234,15,9,10,54
1235,14,5,15,47
1236,18,7,9,61
1237,15,8,11,53
1238,18,6,10,60
1239,16,10,8,58
1240,15,10,9,55
1241,16,9,9,57
1242,18,10,6,64
1243,20,7,7,67
1244,18,6,10,60
1245,18,6,10,60
1246,17,7,10,58
1247,17,3,14,54
1248,14,7,13,49
1249,14,12,8,54
1250,20,8,6,68
1251,18,10,6,64
1252,18,3,13,57
1253,19,2,13,59
1254,13,8,13,47
1255,10,9,15,39
1256,21,5,8,68
1257,17,7,10,58
1258,19,4,11,61
1259,16,4,14,52
1260,20,5,9,65
1261,20,7,7,67
1262,13,8,13,47
1263,19,8,7,65
1264,16,6,12,54
1265,20,7,7,67
1266,15,5,14,50
1267,14,5,15,47
1268,20,8,6,68
1269,15,7,12,52
1270,16,8,10,56
1271,19,8,7,65
1272,17,8,9,59
1273,14,7,13,49
1274,18,5,11,59
1275,23,2,9,71
1276,14,7,13,49
1277,18,4,12,58
1278,21,7,6,70
1279,16,8,10,56
1280,15,6,13,51
1281,18,6,10,60
1282,18,8,8,62
1283,17,4,13,55
1284,14,12,8,54
1285,15,10,9,55
1286,14,7,13,49
1287,12,7,15,43
1288,16,5,13,53
1289,15,6,13,51
1290,15,6,13,51
1291,11,12,11,45
1292,16,9,9,57
1293,15,9,10,54
1294,17,9,8,60
1295,14,7,13,49
1296,12,12,10,48
1297,14,5,15,47
1298,11,9,14,42
1299,16,9,9,57
1300,17,9,8,60
1301,17,5,12,56
1302,17,5,12,56
1303,16,10,8,58
1304,15,7,12,52
1305,18,8,8,62
1306,13,12,9,51
1307,13,9,12,48
1308,14,7,13,49
1309,17,9,8,60
1310,15,10,9,55
1311,17,3,14,54
1312,20,4,10,64
1313,19,4,11,61
1314,17,3,14,54
1315,17,7,10,58
1316,20,6,8,66
1317,12,9,13,45
1318,21,4,9,67
1319,15,5,14,50
1320,11,12,11,45
1321,14,7,13,49
1322,15,4,15,49
1323,12,16,6,52
1324,13,8,13,47
1325,15,8,11,53
1326,13,9,12,48
1327,15,6,13,51
1328,17,7,10,58
1329,18,5,11,59
1330,10,14,10,44
1331,19,3,12,60
1332,13,8,13,47
1333,16,6,12,54
1334,14,10,10,52
1335,18,6,10,60
1336,16,8,10,56
1337,15,9,10,54
1338,17,7,10,58
1339,12,7,15,43
1340,18,6,10,60
1341,18,9,7,63
1342,13,9,12,48
1343,18,8,8,62
1344,12,9,13,45
1345,15,5,14,50
1346,12,7,15,43
1347,19,5,10,62
1348,15,6,13,51
1349,11,8,15,41
1350,17,6,11,57
1351,13,10,11,49
1352,18,7,9,61
1353,16,6,12,54
1354,15,2,17,47
1355,13,13,8,52
1356,19,8,7,65
1357,14,4,16,46
1358,15,9,10,54
1359,19,5,10,62
1360,18,7,9,61
1361,16,5,13,53
1362,12,10,12,46
1363,20,6,8,66
1364,14,5,15,47
1365,16,4,14,52
1366,12,7,15,43
1367,18,7,9,61
1368,17,10,7,61
1369,19,5,10,62
1370,20,5,9,65
1371,15,9,10,54
1372,14,8,12,50
1373,21,5,8,68
1374,14,7,13,49
1375,18,6,10,60
1376,16,9,9,57
1377,17,9,8,60
1378,18,5,11,59
1379,16,5,13,53
1380,16,5,13,53
1381,18,6,10,60
1382,15,9,10,54
1383,14,8,12,50
1384,15,3,16,48
1385,13,10,11,49
1386,14,6,14,48
1387,15,5,14,50
1388,18,8,8,62
1389,15,10,9,55
1390,18,3,13,57
1391,17,9,8,60
1392,14,9,11,51
1393,15,5,14,50
1394,14,8,12,50
1395,17,6,11,57
1396,15,8,11,53
1397,16,8,10,56
1398,16,9,9,57
1399,17,6,11,57
1400,18,7,9,61
1401,15,7,12,52
1402,13,7,14,46
1403,20,8,6,68
1404,13,8,13,47
1405,9,11,14,38
1406,16,5,13,53
1407,16,9,9,57
1408,15,10,9,55
1409,18,6,10,60
1410,17,7,10,58
1411,21,4,9,67
1412,20,9,5,69
1413,22,7,5,73
1414,14,7,13,49
1415,18,8,8,62
1416,20,6,8,66
1417,17,7,10,58
1418,17,7,10,58
1419,18,7,9,61
1420,17,5,12,56
1421,15,7,12,52
1422,12,5,17,41
1423,18,8,8,62
1424,16,8,10,56
1425,16,7,11,55
1426,19,3,12,60
1427,19,7,8,64
1428,17,8,9,59
1429,16,10,8,58
1430,19,8,7,65
1431,17,9,8,60
1432,23,7,4,76
1433,13,11,10,50
1434,15,6,13,51
1435,18,8,8,62
1436,18,5,11,59
1437,23,6,5,75
1438,16,6,12,54
1439,11,12,11,45
1440,10,8,16,38
1441,16,10,8,58
1442,16,9,9,57
1443,17,8,9,59
1444,18,4,12,58
1445,14,9,11,51
1446,17,11,6,62
1447,15,9,10,54
1448,16,9,9,57
1449,15,9,10,54
1450,17,11,6,62
1451,19,8,7,65
1452,18,7,9,61
1453,16,12,6,60
1454,21,7,6,70
1455,15,9,10,54
1456,17,4,13,55
1457,16,8,10,56
1458,15,10,9,55
1459,25,3,6,78
1460,19,4,11,61
1461,17,8,9,59
1462,10,12,12,42
1463,9,17,8,44
1464,18,5,11,59
1465,17,7,10,58
1466,13,8,13,47
1467,18,5,11,59
1468,19,2,13,59
1469,15,4,15,49
1470,19,6,9,63
1471,18,6,10,60
1472,18,5,11,59
1473,14,11,9,53
1474,13,4,17,43
1475,12,7,15,43
1476,18,5,11,59
1477,20,8,6,68
1478,15,8,11,53
1479,17,7,10,58
1480,13,12,9,51
1481,17,7,10,58
1482,13,8,13,47
1483,13,8,13,47
1484,17,3,14,54
1485,17,7,10,58
1486,15,8,11,53
1487,10,9,15,39
1488,15,8,11,53
1489,19,5,10,62
1490,20,7,7,67
1491,19,6,9,63
1492,18,6,10,60
1493,8,9,17,33
1494,18,8,8,62
1495,17,7,10,58
1496,20,5,9,65
1497,15,8,11,53
1498,17,7,10,58
1499,18,6,10,60
1500,11,14,9,47
1501,15,10,9,55
1502,15,10,9,55
1503,18,3,13,57
1504,13,10,11,49
1505,14,7,13,49
1506,18,7,9,61
1507,19,7,8,64
1508,17,6,11,57
1509,14,5,15,47
1510,12,2,20,38
1511,13,5,16,44
1512,17,8,9,59
1513,16,7,11,55
1514,16,4,14,52
1515,17,12,5,63
1516,23,6,5,75
1517,18,4,12,58
1518,17,6,11,57
1519,20,7,7,67
1520,13,6,15,45
1521,14,9,11,51
1522,17,9,8,60
1523,18,5,11,59
1524,17,5,12,56
1525,16,7,11,55
1526,16,10,8,58
1527,15,10,9,55
1528,15,6,13,51
1529,11,10,13,43
1530,19,8,7,65
1531,13,10,11,49
1532,16,7,11,55
1533,15,10,9,55
1534,9,14,11,41
1535,21,3,10,66
1536,18,4,12,58
1537,15,6,13,51
1538,14,11,9,53
1539,14,6,14,48
1540,15,10,9,55
1541,10,12,12,42
1542,15,4,15,49
1543,20,6,8,66
1544,19,2,13,59
1545,15,5,14,50
1546,17,8,9,59
1547,11,9,14,42
1548,20,6,8,66
1549,16,7,11,55
1550,18,4,12,58
1551,20,1,13,61
1552,22,7,5,73
1553,15,10,9,55
1554,15,12,7,57
1555,14,9,11,51
1556,20,7,7,67
1557,15,8,11,53
1558,16,9,9,57
1559,17,7,10,58
1560,15,9,10,54
1561,20,3,11,63
1562,13,8,13,47
1563,17,8,9,59
1564,16,5,13,53
1565,19,8,7,65
1566,20,4,10,64
1567,22,5,7,71
1568,20,6,8,66
1569,15,12,7,57
1570,16,7,11,55
1571,15,14,5,59
1572,17,8,9,59
1573,21,8,5,71
1574,14,7,13,49
1575,19,6,9,63
1576,18,5,11,59
1577,23,7,4,76
1578,16,6,12,54
1579,15,8,11,53
1580,15,8,11,53
1581,20,5,9,65
1582,17,8,9,59
1583,14,6,14,48
1584,16,10,8,58
1585,18,9,7,63
1586,18,5,11,59
1587,13,9,12,48
1588,14,7,13,49
1589,14,14,6,56
1590,12,6,16,42
1591,18,5,11,59
1592,17,3,14,54
1593,13,6,15,45
1594,19,6,9,63
1595,18,9,7,63
1596,21,5,8,68
1597,15,8,11,53
1598,15,7,12,52
1599,20,7,7,67
1600,16,7,11,55
1601,17,6,11,57
1602,15,7,12,52
1603,17,8,9,59
1604,14,9,11,51
1605,13,11,10,50
1606,16,8,10,56
1607,16,5,13,53
1608,19,10,5,67
1609,13,6,15,45
1610,19,5,10,62
1611,13,7,14,46
1612,15,10,9,55
1613,16,10,8,58
1614,16,7,11,55
1615,16,8,10,56
1616,24,4,6,76
1617,16,7,11,55
1618,18,2,14,56
1619,18,5,11,59
1620,13,7,14,46
1621,19,10,5,67
1622,15,8,11,53
1623,13,8,13,47
1624,13,7,14,46
1625,16,8,10,56
1626,16,9,9,57
1627,12,10,12,46
1628,19,7,8,64
1629,15,13,6,58
1630,19,5,10,62
1631,20,2,12,62
1632,17,5,12,56
1633,15,10,9,55
1634,20,7,7,67
1635,17,7,10,58
1636,16,6,12,54
1637,16,9,9,57
1638,14,7,13,49
1639,16,7,11,55
1640,11,10,13,43
1641,14,6,14,48
1642,19,3,12,60
1643,17,6,11,57
1644,13,10,11,49
1645,21,6,7,69
1646,15,6,13,51
1647,16,8,10,56
1648,12,9,13,45
1649,18,11,5,65
1650,12,8,14,44
1651,15,13,6,58
1652,20,3,11,63
1653,21,4,9,67
1654,13,11,10,50
1655,14,10,10,52
1656,13,3,18,42
1657,14,8,12,50
1658,14,10,10,52
1659,21,3,10,66
1660,15,9,10,54
1661,15,6,13,51
1662,14,12,8,54
1663,18,5,11,59
1664,13,11,10,50
1665,17,6,11,57
1666,16,4,14,52
1667,21,5,8,68
1668,17,6,11,57
1669,16,12,6,60
1670,12,13,9,49
1671,17,9,8,60
1672,13,11,10,50
1673,21,5,8,68
1674,15,7,12,52
1675,17,7,10,58
1676,15,5,14,50
1677,14,6,14,48
1678,11,9,14,42
1679,16,9,9,57
1680,13,11,10,50
1681,16,7,11,55
1682,12,8,14,44
1683,15,7,12,52
1684,13,6,15,45
1685,17,3,14,54
1686,21,4,9,67
1687,13,9,12,48
1688,15,8,11,53
1689,16,7,11,55
1690,16,7,11,55
1691,18,7,9,61
1692,11,5,18,38
1693,18,7,9,61
1694,17,3,14,54
1695,17,10,7,61
1696,15,8,11,53
1697,18,6,10,60
1698,16,8,10,56
1699,18,3,13,57
1700,15,8,11,53
1701,8,8,18,32
1702,15,8,11,53
1703,16,7,11,55
1704,19,4,11,61
1705,17,8,9,59
1706,14,4,16,46
1707,17,9,8,60
1708,17,5,12,56
1709,13,6,15,45
1710,14,5,15,47
1711,16,9,9,57
1712,15,8,11,53
1713,20,8,6,68
1714,15,11,8,56
1715,16,8,10,56
1716,15,10,9,55
1717,16,7,11,55
1718,20,5,9,65
1719,14,10,10,52
1720,18,4,12,58
1721,15,7,12,52
1722,13,9,12,48
1723,17,10,7,61
1724,10,8,16,38
1725,17,7,10,58
1726,23,6,5,75
1727,16,10,8,58
1728,14,9,11,51
1729,12,10,12,46
1730,14,8,12,50
1731,17,5,12,56
1732,19,8,7,65
1733,16,8,10,56
1734,17,4,13,55
1735,16,7,11,55
1736,11,9,14,42
1737,13,11,10,50
1738,17,11,6,62
1739,15,9,10,54
1740,19,5,10,62
1741,15,9,10,54
1742,21,3,10,66
1743,20,8,6,68
1744,14,7,13,49
1745,15,4,15,49
1746,14,11,9,53
1747,14,9,11,51
1748,17,8,9,59
1749,18,9,7,63
1750,17,5,12,56
1751,14,8,12,50
1752,17,6,11,57
1753,13,11,10,50
1754,20,8,6,68
1755,19,8,7,65
1756,17,4,13,55
1757,21,8,5,71
1758,11,11,12,44
1759,19,7,8,64
1760,13,6,15,45
1761,13,11,10,50
1762,19,7,8,64
1763,12,10,12,46
1764,16,6,12,54
1765,15,4,15,49
1766,14,12,8,54
1767,14,7,13,49
1768,16,7,11,55
1769,17,7,10,58
1770,21,5,8,68
1771,15,7,12,52
1772,11,9,14,42
1773,15,6,13,51
1774,19,3,12,60
1775,10,12,12,42
1776,15,9,10,54
1777,17,5,12,56
1778,17,8,9,59
1779,14,9,11,51
1780,15,10,9,55
1781,15,6,13,51
1782,14,7,13,49
1783,16,8,10,56
1784,15,8,11,53
1785,17,8,9,59
1786,16,6,12,54
1787,15,7,12,52
1788,12,9,13,45
1789,16,6,12,54
1790,18,7,9,61
1791,13,9,12,48
1792,13,9,12,48
1793,20,5,9,65
1794,13,8,13,47
1795,18,3,13,57
1796,17,5,12,56
1797,17,9,8,60
1798,18,5,11,59
1799,19,3,12,60
1800,19,5,10,62
1801,21,6,7,69
1802,21,5,8,68
1803,14,8,12,50
1804,16,7,11,55
1805,11,9,14,42
1806,12,11,11,47
1807,13,5,16,44
1808,11,7,16,40
1809,15,3,16,48
1810,16,10,8,58
1811,15,7,12,52
1812,14,7,13,49
1813,14,8,12,50
1814,14,11,9,53
1815,13,8,13,47
1816,20,4,10,64
1817,14,8,12,50
1818,17,10,7,61
1819,14,11,9,53
1820,13,6,15,45
1821,17,3,14,54
1822,20,9,5,69
1823,17,6,11,57
1824,19,5,10,62
1825,15,7,12,52
1826,13,9,12,48
1827,16,5,13,53
1828,20,5,9,65
1829,17,4,13,55
1830,17,3,14,54
1831,16,9,9,57
1832,18,5,11,59
1833,8,11,15,35
1834,12,8,14,44
1835,21,5,8,68
1836,18,6,10,60
1837,11,10,13,43
1838,16,7,11,55
1839,15,5,14,50
1840,16,9,9,57
1841,17,7,10,58
1842,17,9,8,60
1843,16,4,14,52
1844,22,5,7,71
1845,19,5,10,62
1846,12,11,11,47
1847,17,5,12,56
1848,17,11,6,62
1849,9,9,16,36
1850,16,4,14,52
1851,16,5,13,53
1852,12,6,16,42
1853,12,9,13,45
1854,18,5,11,59
1855,16,9,9,57
1856,14,5,15,47
1857,16,9,9,57
1858,23,3,8,72
1859,18,6,10,60
1860,25,4,5,79
1861,15,8,11,53
1862,17,10,7,61
1863,15,6,13,51
1864,18,7,9,61
1865,19,5,10,62
1866,13,10,11,49
1867,8,9,17,33
1868,15,8,11,53
1869,15,9,10,54
1870,20,7,7,67
1871,9,10,15,37
1872,22,2,10,68
1873,16,8,10,56
1874,20,5,9,65
1875,18,7,9,61
1876,20,3,11,63
1877,14,8,12,50
1878,20,7,7,67
1879,11,10,13,43
1880,17,5,12,56
1881,14,7,13,49
1882,16,7,11,55
1883,15,4,15,49
1884,23,4,7,73
1885,15,5,14,50
1886,17,9,8,60
1887,17,9,8,60
1888,16,12,6,60
1889,14,10,10,52
1890,16,7,11,55
1891,15,11,8,56
1892,14,6,14,48
1893,16,9,9,57
1894,18,6,10,60
1895,19,5,10,62
1896,13,6,15,45
1897,16,6,12,54
1898,16,10,8,58
1899,10,6,18,36
1900,16,8,10,56
1901,15,2,17,47
1902,11,11,12,44
1903,23,5,6,74
1904,20,5,9,65
1905,15,8,11,53
1906,12,10,12,46
1907,19,5,10,62
1908,19,2,13,59
1909,13,7,14,46
1910,14,7,13,49
1911,16,9,9,57
1912,21,4,9,67
1913,15,8,11,53
1914,15,4,15,49
1915,18,7,9,61
1916,20,4,10,64
1917,19,3,12,60
1918,16,9,9,57
1919,19,6,9,63
1920,14,6,14,48
1921,16,6,12,54
1922,18,11,5,65
1923,15,8,11,53
1924,14,10,10,52
1925,19,8,7,65
1926,21,6,7,69
1927,16,6,12,54
1928,17,7,10,58
1929,16,10,8,58
1930,17,7,10,58
1931,12,9,13,45
1932,16,7,11,55
1933,15,9,10,54
1934,24,4,6,76
1935,16,3,15,51
1936,18,4,12,58
1937,15,7,12,52
1938,14,7,13,49
1939,18,11,5,65
1940,16,5,13,53
1941,12,4,18,40
1942,16,6,12,54
1943,12,12,10,48
1944,17,7,10,58
1945,18,5,11,59
1946,15,8,11,53
1947,14,7,13,49
1948,12,7,15,43
1949,11,10,13,43
1950,19,3,12,60
1951,21,4,9,67
1952,20,5,9,65
1953,16,7,11,55
1954,15,3,16,48
1955,14,11,9,53
1956,17,5,12,56
1957,15,10,9,55
1958,14,10,10,52
1959,20,6,8,66
1960,18,3,13,57
1961,14,6,14,48
1962,19,6,9,63
1963,14,8,12,50
1964,16,8,10,56
1965,19,8,7,65
1966,14,8,12,50
1967,16,7,11,55
1968,19,3,12,60
1969,20,7,7,67
1970,22,5,7,71
1971,16,4,14,52
1972,16,12,6,60
1973,16,10,8,58
1974,18,7,9,61
1975,11,12,11,45
1976,16,7,11,55
1977,15,10,9,55
1978,19,3,12,60
1979,19,7,8,64
1980,15,11,8,56
1981,12,11,11,47
1982,14,10,10,52
1983,17,7,10,58
1984,16,8,10,56
1985,18,7,9,61
1986,18,4,12,58
1987,18,8,8,62
1988,17,5,12,56
1989,18,8,8,62
1990,16,11,7,59
1991,21,6,7,69
1992,18,8,8,62
1993,16,12,6,60
1994,17,11,6,62
1995,17,8,9,59
1996,21,2,11,65
1997,22,3,9,69
1998,15,7,12,52
1999,16,5,13,53
2000,11,14,9,47
2001,10,8,16,38
2002,15,4,15,49
2003,19,8,7,65
2004,20,6,8,66
2005,20,7,7,67
2006,14,7,13,49
2007,19,10,5,67
2008,18,7,9,61
2009,21,4,9,67
2010,13,9,12,48
2011,21,6,7,69
2012,12,9,13,45
2013,16,7,11,55
2014,15,10,9,55
2015,20,6,8,66
2016,16,7,11,55
2017,15,8,11,53
2018,17,8,9,59
2019,18,5,11,59
2020,22,5,7,71
2021,15,12,7,57
2022,15,9,10,54
2023,16,5,13,53
2024,15,7,12,52
2025,18,8,8,62
2026,19,4,11,61
2027,18,7,9,61
2028,17,7,10,58
2029,12,10,12,46
2030,8,15,11,39
2031,15,10,9,55
2032,15,4,15,49
2033,16,6,12,54
2034,18,5,11,59
2035,13,11,10,50
2036,18,5,11,59
2037,14,7,13,49
2038,15,7,12,52
2039,16,9,9,57
2040,13,7,14,46
2041,15,6,13,51
2042,11,7,16,40
2043,15,9,10,54
2044,18,9,7,63
2045,19,7,8,64
2046,20,4,10,64
2047,10,12,12,42
2048,20,4,10,64
2049,16,10,8,58
2050,15,6,13,51
2051,22,2,10,68
2052,17,7,10,58
2053,16,6,12,54
2054,15,9,10,54
2055,15,7,12,52
2056,12,10,12,46
2057,16,7,11,55
2058,17,3,14,54
2059,17,6,11,57
2060,16,5,13,53
2061,13,3,18,42
2062,17,5,12,56
2063,14,6,14,48
2064,17,11,6,62
2065,19,3,12,60
2066,12,10,12,46
2067,17,9,8,60
2068,18,6,10,60
2069,13,7,14,46
2070,16,3,15,51
2071,21,4,9,67
2072,16,8,10,56
2073,17,8,9,59
2074,19,5,10,62
2075,18,7,9,61
2076,17,6,11,57
2077,11,6,17,39
2078,14,8,12,50
2079,17,8,9,59
2080,16,5,13,53
2081,12,7,15,43
2082,16,6,12,54
2083,13,6,15,45
2084,17,8,9,59
2085,19,7,8,64
2086,18,10,6,64
2087,17,6,11,57
2088,17,7,10,58
2089,17,2,15,53
2090,15,8,11,53
2091,11,13,10,46
2092,16,6,12,54
2093,18,7,9,61
2094,20,5,9,65
2095,15,6,13,51
2096,17,6,11,57
2097,15,7,12,52
2098,12,10,12,46
2099,14,9,11,51
2100,14,5,15,47
2101,16,5,13,53
2102,14,9,11,51
2103,10,4,20,34
2104,17,5,12,56
2105,21,3,10,66
2106,17,5,12,56
2107,16,5,13,53
2108,17,5,12,56
2109,12,11,11,47
2110,17,7,10,58
2111,17,7,10,58
2112,18,5,11,59
2113,8,13,13,37
2114,18,5,11,59
2115,16,9,9,57
2116,14,8,12,50
2117,15,9,10,54
2118,18,8,8,62
2119,16,6,12,54
2120,16,6,12,54
2121,15,6,13,51
2122,21,6,7,69
2123,16,4,14,52
2124,17,5,12,56
2125,18,5,11,59
2126,17,11,6,62
2127,10,10,14,40
2128,15,9,10,54
2129,11,11,12,44
2130,17,10,7,61
2131,11,11,12,44
2132,17,9,8,60
2133,21,4,9,67
2134,15,6,13,51
2135,20,5,9,65
2136,14,7,13,49
2137,18,5,11,59
2138,15,5,14,50
2139,11,9,14,42
2140,15,8,11,53
2141,15,8,11,53
2142,18,3,13,57
2143,18,7,9,61
2144,18,7,9,61
2145,17,4,13,55
2146,16,6,12,54
2147,15,7,12,52
2148,21,4,9,67
2149,13,14,7,53
2150,10,9,15,39
2151,18,5,11,59
2152,16,9,9,57
2153,8,10,16,34
2154,16,12,6,60
2155,15,5,14,50
2156,13,7,14,46
2157,16,4,14,52
2158,17,7,10,58
2159,17,6,11,57
2160,16,9,9,57
2161,17,7,10,58
2162,15,9,10,54
2163,13,9,12,48
2164,14,8,12,50
2165,12,6,16,42
2166,13,6,15,45
2167,17,6,11,57
2168,13,10,11,49
2169,14,7,13,49
2170,18,6,10,60
2171,16,5,13,53
2172,22,5,7,71
2173,17,9,8,60
2174,14,7,13,49
2175,14,9,11,51
2176,12,11,11,47
2177,14,8,12,50
2178,14,9,11,51
2179,16,5,13,53
2180,17,8,9,59
2181,16,9,9,57
2182,13,9,12,48
2183,15,8,11,53
2184,14,9,11,51
2185,15,11,8,56
2186,14,7,13,49
2187,14,9,11,51
2188,14,5,15,47
2189,18,9,7,63
2190,20,8,6,68
2191,18,5,11,59
2192,18,9,7,63
2193,15,9,10,54
2194,15,6,13,51
2195,17,7,10,58
2196,18,10,6,64
2197,12,12,10,48
2198,15,7,12,52
2199,19,4,11,61
2200,16,4,14,52
2201,18,8,8,62
2202,17,6,11,57
2203,12,13,9,49
2204,17,5,12,56
2205,18,5,11,59
2206,16,4,14,52
2207,13,10,11,49
2208,17,9,8,60
2209,16,11,7,59
2210,15,7,12,52
2211,15,5,14,50
2212,15,8,11,53
2213,19,11,4,68
2214,16,8,10,56
2215,16,9,9,57
2216,15,6,13,51
2217,18,6,10,60
2218,23,3,8,72
2219,18,8,8,62
2220,16,9,9,57
2221,18,7,9,61
2222,7,15,12,36
2223,15,5,14,50
2224,18,8,8,62
2225,14,10,10,52
2226,16,6,12,54
2227,19,4,11,61
2228,17,6,11,57
2229,17,6,11,57
2230,14,6,14,48
2231,10,9,15,39
2232,17,6,11,57
2233,15,11,8,56
2234,16,7,11,55
2235,18,8,8,62
2236,17,7,10,58
2237,14,12,8,54
2238,18,4,12,58
2239,14,9,11,51
2240,16,9,9,57
2241,16,5,13,53
2242,18,9,7,63
2243,16,3,15,51
2244,16,10,8,58
2245,15,4,15,49
2246,19,5,10,62
2247,13,6,15,45
2248,17,10,7,61
2249,14,9,11,51
2250,24,1,9,73
2251,16,6,12,54
2252,16,5,13,53
2253,15,9,10,54
2254,19,7,8,64
2255,11,9,14,42
2256,16,7,11,55
2257,20,4,10,64
2258,18,6,10,60
2259,12,12,10,48
2260,19,3,12,60
2261,14,6,14,48
2262,14,7,13,49
2263,14,4,16,46
2264,16,10,8,58
2265,20,5,9,65
2266,17,8,9,59
2267,16,4,14,52
2268,18,6,10,60
2269,20,7,7,67
2270,14,7,13,49
2271,14,3,17,45
2272,19,9,6,66
2273,17,5,12,56
2274,20,4,10,64
2275,10,8,16,38
2276,12,9,13,45
2277,17,8,9,59
2278,15,9,10,54
2279,15,4,15,49
2280,13,10,11,49
2281,19,9,6,66
2282,22,9,3,75
2283,16,11,7,59
2284,13,12,9,51
2285,20,5,9,65
2286,16,7,11,55
2287,17,9,8,60
2288,14,10,10,52
2289,15,8,11,53
2290,17,7,10,58
2291,17,7,10,58
2292,17,5,12,56
2293,17,8,9,59
2294,22,8,4,74
2295,19,9,6,66
2296,15,10,9,55
2297,14,7,13,49
2298,16,7,11,55
2299,19,7,8,64
2300,11,12,11,45
2301,23,3,8,72
2302,14,7,13,49
2303,15,7,12,52
2304,16,5,13,53
2305,14,7,13,49
2306,13,7,14,46
2307,14,8,12,50
2308,16,7,11,55
2309,14,10,10,52
2310,10,9,15,39
2311,19,4,11,61
2312,17,4,13,55
2313,19,6,9,63
2314,16,9,9,57
2315,18,6,10,60
2316,13,9,12,48
2317,16,5,13,53
2318,18,5,11,59
2319,18,4,12,58
2320,17,6,11,57
2321,14,8,12,50
2322,14,9,11,51
2323,15,8,11,53
2324,15,8,11,53
2325,14,9,11,51
2326,20,4,10,64
2327,20,4,10,64
2328,14,7,13,49
2329,18,6,10,60
2330,17,7,10,58
2331,18,7,9,61
2332,15,10,9,55
2333,14,7,13,49
2334,16,8,10,56
2335,19,4,11,61
2336,21,6,7,69
2337,18,7,9,61
2338,16,6,12,54
2339,20,9,5,69
2340,22,7,5,73
2341,17,5,12,56
2342,17,9,8,60
2343,18,8,8,62
2344,13,7,14,46
2345,15,8,11,53
2346,15,10,9,55
2347,15,5,14,50
2348,16,6,12,54
2349,21,5,8,68
2350,16,7,11,55
2351,19,9,6,66
2352,15,6,13,51
2353,13,8,13,47
2354,15,8,11,53
2355,15,6,13,51
2356,15,5,14,50
2357,15,7,12,52
2358,17,8,9,59
2359,15,7,12,52
2360,14,5,15,47
2361,11,14,9,47
2362,13,8,13,47
2363,18,8,8,62
2364,15,9,10,54
2365,19,7,8,64
2366,20,3,11,63
2367,20,6,8,66
2368,16,8,10,56
2369,18,9,7,63
2370,15,8,11,53
2371,18,4,12,58
2372,16,9,9,57
2373,13,8,13,47
2374,17,8,9,59
2375,16,9,9,57
2376,21,5,8,68
2377,16,8,10,56
2378,17,4,13,55
2379,12,12,10,48
2380,14,11,9,53
2381,13,7,14,46
2382,20,4,10,64
2383,17,8,9,59
2384,9,9,16,36
2385,15,11,8,56
2386,16,7,11,55
2387,17,7,10,58
2388,16,6,12,54
2389,12,5,17,41
2390,16,8,10,56
2391,16,7,11,55
2392,14,7,13,49
2393,19,10,5,67
2394,14,6,14,48
2395,16,10,8,58
2396,14,6,14,48
2397,10,12,12,42
2398,19,6,9,63
2399,17,12,5,63
2400,13,4,17,43
2401,17,5,12,56
2402,18,6,10,60
2403,13,7,14,46
2404,14,10,10,52
2405,16,7,11,55
2406,18,7,9,61
2407,15,9,10,54
2408,19,5,10,62
2409,22,8,4,74
2410,15,9,10,54
2411,15,7,12,52
2412,17,5,12,56
2413,18,6,10,60
2414,16,10,8,58
2415,21,3,10,66
2416,21,5,8,68
2417,19,6,9,63
2418,16,9,9,57
2419,13,9,12,48
2420,17,9,8,60
2421,17,7,10,58
2422,16,7,11,55
2423,16,6,12,54
2424,12,10,12,46
2425,13,9,12,48
2426,17,5,12,56
2427,17,6,11,57
2428,14,8,12,50
2429,16,7,11,55
2430,17,6,11,57
2431,20,4,10,64
2432,16,5,13,53
2433,17,7,10,58
2434,16,5,13,53
2435,18,6,10,60
2436,21,9,4,72
2437,17,8,9,59
2438,22,6,6,72
2439,19,5,10,62
2440,17,5,12,56
2441,15,6,13,51
2442,13,7,14,46
2443,15,6,13,51
2444,15,9,10,54
2445,15,7,12,52
2446,19,2,13,59
2447,14,4,16,46
2448,15,11,8,56
2449,15,7,12,52
2450,18,6,10,60
2451,16,9,9,57
2452,18,7,9,61
2453,14,6,14,48
2454,16,6,12,54
2455,15,9,10,54
2456,15,12,7,57
2457,16,10,8,58
2458,12,9,13,45
2459,16,6,12,54
2460,15,7,12,52
2461,18,6,10,60
2462,16,4,14,52
2463,17,5,12,56
2464,18,9,7,63
2465,18,8,8,62
2466,18,6,10,60
2467,13,9,12,48
2468,18,8,8,62
2469,17,6,11,57
2470,15,11,8,56
2471,19,4,11,61
2472,17,7,10,58
2473,14,7,13,49
2474,20,4,10,64
2475,15,11,8,56
2476,20,6,8,66
2477,16,8,10,56
2478,10,8,16,38
2479,20,5,9,65
2480,21,4,9,67
2481,18,9,7,63
2482,14,11,9,53
2483,15,10,9,55
2484,16,6,12,54
2485,13,10,11,49
2486,25,0,9,75
2487,18,11,5,65
2488,13,10,11,49
2489,15,8,11,53
2490,10,12,12,42
2491,19,7,8,64
2492,14,9,11,51
2493,16,8,10,56
2494,12,14,8,50
2495,14,5,15,47
2496,16,8,10,56
2497,17,7,10,58
2498,19,5,10,62
2499,17,3,14,54
2500,20,4,10,64
2501,13,7,14,46
2502,14,9,11,51
2503,12,10,12,46
2504,15,4,15,49
2505,17,8,9,59
2506,13,11,10,50
2507,19,5,10,62
2508,21,9,4,72
2509,13,8,13,47
2510,18,6,10,60
2511,20,6,8,66
2512,21,7,6,70
2513,15,10,9,55
2514,15,9,10,54
2515,18,4,12,58
2516,23,3,8,72
2517,12,6,16,42
2518,14,7,13,49
2519,13,12,9,51
2520,13,7,14,46
2521,16,8,10,56
2522,19,7,8,64
2523,15,6,13,51
2524,14,11,9,53
2525,16,4,14,52
2526,11,10,13,43
2527,19,5,10,62
2528,15,10,9,55
2529,14,9,11,51
2530,19,4,11,61
2531,14,8,12,50
2532,14,10,10,52
2533,18,9,7,63
2534,16,8,10,56
2535,13,8,13,47
2536,14,6,14,48
2537,17,7,10,58
2538,13,8,13,47
2539,16,12,6,60
2540,20,5,9,65
2541,16,5,13,53
2542,18,8,8,62
2543,14,11,9,53
2544,17,7,10,58
2545,14,11,9,53
2546,11,10,13,43
2547,16,9,9,57
2548,18,10,6,64
2549,13,12,9,51
2550,17,10,7,61
2551,17,11,6,62
2552,15,10,9,55
2553,15,7,12,52
2554,17,6,11,57
2555,17,7,10,58
2556,15,8,11,53
2557,18,6,10,60
2558,13,10,11,49
2559,18,7,9,61
2560,18,7,9,61
2561,16,6,12,54
2562,15,8,11,53
2563,11,9,14,42
2564,12,6,16,42
2565,18,7,9,61
2566,13,11,10,50
2567,16,8,10,56
2568,16,6,12,54
2569,15,7,12,52
2570,13,7,14,46
2571,19,4,11,61
2572,15,9,10,54
2573,19,11,4,68
2574,13,8,13,47
2575,13,11,10,50
2576,19,5,10,62
2577,16,5,13,53
2578,21,2,11,65
2579,12,10,12,46
2580,16,10,8,58
2581,19,11,4,68
2582,19,10,5,67
2583,20,8,6,68
2584,19,7,8,64
2585,13,10,11,49
2586,14,9,11,51
2587,17,6,11,57
2588,19,3,12,60
2589,12,4,18,40
2590,17,7,10,58
2591,17,6,11,57
2592,18,6,10,60
2593,16,6,12,54
2594,17,6,11,57
2595,21,8,5,71
2596,20,6,8,66
2597,18,8,8,62
2598,19,4,11,61
2599,9,10,15,37
2600,14,10,10,52
2601,18,5,11,59
2602,14,8,12,50
2603,18,5,11,59
2604,17,6,11,57
2605,18,5,11,59
2606,22,6,6,72
2607,17,8,9,59
2608,15,7,12,52
2609,17,7,10,58
2610,16,7,11,55
2611,11,7,16,40
2612,16,3,15,51
2613,17,9,8,60
2614,14,13,7,55
2615,17,7,10,58
2616,15,7,12,52
2617,17,7,10,58
2618,12,8,14,44
2619,12,11,11,47
2620,16,6,12,54
2621,20,6,8,66
2622,20,2,12,62
2623,14,9,11,51
2624,18,7,9,61
2625,14,9,11,51
2626,16,5,13,53
2627,21,6,7,69
2628,14,7,13,49
2629,15,6,13,51
2630,14,10,10,52
2631,17,5,12,56
2632,11,12,11,45
2633,16,5,13,53
2634,15,11,8,56
2635,15,10,9,55
2636,17,7,10,58
2637,13,7,14,46
2638,16,8,10,56
2639,15,7,12,52
2640,16,11,7,59
2641,22,4,8,70
2642,13,9,12,48
2643,18,7,9,61
2644,15,7,12,52
2645,18,7,9,61
2646,18,8,8,62
2647,18,4,12,58
2648,15,4,15,49
2649,13,10,11,49
2650,15,7,12,52
2651,21,6,7,69
2652,17,6,11,57
2653,19,7,8,64
2654,19,5,10,62
2655,19,5,10,62
2656,12,13,9,49
2657,12,7,15,43
2658,21,3,10,66
2659,20,5,9,65
2660,17,10,7,61
2661,17,6,11,57
2662,19,5,10,62
2663,12,9,13,45
2664,12,9,13,45
2665,19,6,9,63
2666,18,8,8,62
2667,14,11,9,53
2668,13,5,16,44
2669,13,7,14,46
2670,15,7,12,52
2671,12,8,14,44
2672,14,9,11,51
2673,16,8,10,56
2674,12,8,14,44
2675,18,6,10,60
2676,20,5,9,65
2677,9,12,13,39
2678,14,8,12,50
2679,14,8,12,50
2680,12,8,14,44
2681,19,5,10,62
2682,16,6,12,54
2683,13,7,14,46
2684,16,8,10,56
2685,14,8,12,50
2686,19,6,9,63
2687,17,5,12,56
2688,11,9,14,42
2689,20,4,10,64
2690,11,13,10,46
2691,19,8,7,65
2692,13,12,9,51
2693,10,7,17,37
2694,15,8,11,53
2695,17,8,9,59
2696,13,10,11,49
2697,19,5,10,62
2698,16,9,9,57
2699,15,11,8,56
2700,21,6,7,69
2701,18,9,7,63
2702,18,10,6,64
2703,11,13,10,46
2704,18,7,9,61
2705,17,3,14,54
2706,19,6,9,63
2707,19,8,7,65
2708,12,8,14,44
2709,15,9,10,54
2710,20,6,8,66
2711,14,11,9,53
2712,21,6,7,69
2713,18,7,9,61
2714,16,5,13,53
2715,16,8,10,56
2716,12,10,12,46
2717,15,10,9,55
2718,19,2,13,59
2719,12,8,14,44
2720,15,6,13,51
2721,14,7,13,49
2722,16,3,15,51
2723,14,8,12,50
2724,21,3,10,66
2725,14,11,9,53
2726,18,4,12,58
2727,19,5,10,62
2728,13,10,11,49
2729,17,7,10,58
2730,19,7,8,64
2731,16,6,12,54
2732,13,14,7,53
2733,16,8,10,56
2734,14,8,12,50
2735,16,6,12,54
2736,15,10,9,55
2737,23,1,10,70
2738,19,5,10,62
2739,13,13,8,52
2740,14,12,8,54
2741,18,7,9,61
2742,16,9,9,57
2743,15,5,14,50
2744,12,10,12,46
2745,17,10,7,61
2746,13,8,13,47
2747,21,3,10,66
2748,13,7,14,46
2749,17,5,12,56
2750,18,6,10,60
2751,23,1,10,70
2752,18,6,10,60
2753,15,7,12,52
2754,13,7,14,46
2755,15,6,13,51
2756,12,7,15,43
2757,16,7,11,55
2758,23,6,5,75
2759,22,7,5,73
2760,17,7,10,58
2761,13,9,12,48
2762,14,8,12,50
2763,15,8,11,53
2764,16,4,14,52
2765,13,9,12,48
2766,16,5,13,53
2767,14,7,13,49
2768,17,7,10,58
2769,16,7,11,55
2770,14,8,12,50
2771,17,5,12,56
2772,8,11,15,35
2773,21,8,5,71
2774,17,8,9,59
2775,17,8,9,59
2776,16,7,11,55
2777,13,7,14,46
2778,18,4,12,58
2779,19,2,13,59
2780,17,7,10,58
2781,16,4,14,52
2782,15,7,12,52
2783,14,6,14,48
2784,11,10,13,43
2785,16,12,6,60
2786,19,7,8,64
2787,17,4,13,55
2788,18,8,8,62
2789,21,7,6,70
2790,16,5,13,53
2791,13,9,12,48
2792,10,11,13,41
2793,15,7,12,52
2794,17,6,11,57
2795,12,9,13,45
2796,19,5,10,62
2797,13,8,13,47
2798,16,6,12,54
2799,13,7,14,46
2800,16,6,12,54
2801,19,5,10,62
2802,16,9,9,57
2803,15,10,9,55
2804,19,4,11,61
2805,23,4,7,73
2806,18,7,9,61
2807,18,2,14,56
2808,15,3,16,48
2809,18,8,8,62
2810,16,8,10,56
2811,20,6,8,66
2812,12,12,10,48
2813,19,5,10,62
2814,18,6,10,60
2815,17,6,11,57
2816,12,9,13,45
2817,16,2,16,50
2818,21,4,9,67
2819,17,8,9,59
2820,15,10,9,55
2821,17,4,13,55
2822,12,7,15,43
2823,14,7,13,49
2824,15,8,11,53
2825,17,3,14,54
2826,18,10,6,64
2827,13,9,12,48
2828,16,7,11,55
2829,15,9,10,54
2830,19,7,8,64
2831,20,6,8,66
2832,15,7,12,52
2833,10,10,14,40
2834,18,7,9,61
2835,21,5,8,68
2836,19,6,9,63
2837,18,3,13,57
2838,13,12,9,51
2839,18,8,8,62
2840,11,8,15,41
2841,21,4,9,67
2842,14,6,14,48
2843,14,9,11,51
2844,19,10,5,67
2845,16,6,12,54
2846,19,9,6,66
2847,16,9,9,57
2848,18,5,11,59
2849,20,3,11,63
2850,21,5,8,68
2851,13,11,10,50
2852,15,11,8,56
2853,12,7,15,43
2854,12,7,15,43
2855,18,6,10,60
2856,14,10,10,52
2857,21,5,8,68
2858,20,8,6,68
2859,22,6,6,72
2860,15,6,13,51
2861,18,7,9,61
2862,18,7,9,61
2863,19,9,6,66
2864,16,9,9,57
2865,17,5,12,56
2866,14,6,14,48
2867,14,7,13,49
2868,19,8,7,65
2869,14,3,17,45
2870,16,5,13,53
2871,18,2,14,56
2872,16,9,9,57
2873,21,6,7,69
2874,13,9,12,48
2875,16,5,13,53
2876,14,9,11,51
2877,16,8,10,56
2878,13,5,16,44
2879,18,7,9,61
2880,21,7,6,70
2881,18,6,10,60
2882,14,9,11,51
2883,15,6,13,51
2884,13,10,11,49
2885,18,6,10,60
2886,17,7,10,58
2887,18,7,9,61
2888,18,5,11,59
2889,15,9,10,54
2890,17,7,10,58
2891,15,12,7,57
2892,17,8,9,59
2893,17,6,11,57
2894,19,4,11,61
2895,16,6,12,54
2896,9,12,13,39
2897,19,6,9,63
2898,14,9,11,51
2899,18,5,11,59
2900,15,5,14,50
2901,15,6,13,51
2902,15,4,15,49
2903,13,4,17,43
2904,18,5,11,59
2905,19,7,8,64
2906,15,8,11,53
2907,23,6,5,75
2908,16,9,9,57
2909,20,3,11,63
2910,16,8,10,56
2911,13,13,8,52
2912,18,4,12,58
2913,17,6,11,57
2914,18,4,12,58
2915,20,7,7,67
2916,12,12,10,48
2917,14,2,18,44
2918,19,9,6,66
2919,15,8,11,53
2920,18,5,11,59
2921,11,12,11,45
2922,22,3,9,69
2923,14,12,8,54
2924,17,4,13,55
2925,14,7,13,49
2926,16,7,11,55
2927,15,8,11,53
2928,16,8,10,56
2929,16,6,12,54
2930,19,5,10,62
2931,17,7,10,58
2932,19,6,9,63
2933,19,7,8,64
2934,14,11,9,53
2935,15,8,11,53
2936,16,10,8,58
2937,12,9,13,45
2938,16,5,13,53
2939,20,6,8,66
2940,11,12,11,45
2941,14,4,16,46
2942,13,10,11,49
2943,17,6,11,57
2944,15,12,7,57
2945,14,6,14,48
2946,16,5,13,53
2947,18,6,10,60
2948,13,9,12,48
2949,7,10,17,31
2950,15,12,7,57
2951,15,8,11,53
2952,13,9,12,48
2953,19,3,12,60
2954,25,5,4,80
2955,14,6,14,48
2956,15,11,8,56
2957,13,7,14,46
2958,14,6,14,48
2959,15,9,10,54
2960,17,4,13,55
2961,17,8,9,59
2962,11,10,13,43
2963,18,6,10,60
2964,15,6,13,51
2965,17,5,12,56
2966,14,14,6,56
2967,16,12,6,60
2968,18,6,10,60
2969,15,7,12,52
2970,14,7,13,49
2971,18,7,9,61
2972,16,7,11,55
2973,14,12,8,54
2974,13,8,13,47
2975,20,3,11,63
2976,18,5,11,59
2977,15,10,9,55
2978,15,12,7,57
2979,12,7,15,43
2980,18,8,8,62
2981,16,7,11,55
2982,16,8,10,56
2983,18,4,12,58
2984,17,7,10,58
2985,11,12,11,45
2986,15,6,13,51
2987,11,6,17,39
2988,17,7,10,58
2989,17,5,12,56
2990,15,8,11,53
2991,10,6,18,36
2992,14,10,10,52
2993,20,5,9,65
2994,19,3,12,60
2995,15,9,10,54
2996,17,5,12,56
2997,16,7,11,55
2998,14,8,12,50
2999,11,12,11,45
3000,16,9,9,57
3001,21,4,9,67
3002,17,4,13,55
3003,19,4,11,61
3004,16,2,16,50
3005,19,9,6,66
3006,19,7,8,64
3007,18,7,9,61
3008,16,8,10,56
3009,15,6,13,51
3010,14,8,12,50
3011,17,5,12,56
3012,15,8,11,53
3013,17,5,12,56
3014,12,11,11,47
3015,17,7,10,58
3016,16,5,13,53
3017,20,5,9,65
3018,16,3,15,51
3019,17,9,8,60
3020,17,4,13,55
3021,19,8,7,65
3022,23,7,4,76
3023,22,6,6,72
3024,17,7,10,58
3025,17,4,13,55
3026,17,4,13,55
3027,16,11,7,59
3028,16,10,8,58
3029,14,8,12,50
3030,22,6,6,72
3031,10,13,11,43
3032,17,7,10,58
3033,12,7,15,43
3034,17,7,10,58
3035,13,7,14,46
3036,19,8,7,65
3037,22,6,6,72
3038,15,11,8,56
3039,19,6,9,63
3040,17,8,9,59
3041,21,6,7,69
3042,18,4,12,58
3043,15,6,13,51
3044,23,5,6,74
3045,14,5,15,47
3046,19,5,10,62
3047,21,2,11,65
3048,14,5,15,47
3049,20,7,7,67
3050,13,12,9,51
3051,19,7,8,64
3052,18,9,7,63
3053,13,8,13,47
3054,13,12,9,51
3055,16,7,11,55
3056,20,7,7,67
3057,10,14,10,44
3058,9,12,13,39
3059,16,7,11,55
3060,15,5,14,50
3061,15,10,9,55
3062,17,8,9,59
3063,11,6,17,39
3064,14,10,10,52
3065,9,15,10,42
3066,18,5,11,59
3067,16,8,10,56
3068,17,6,11,57
3069,17,6,11,57
3070,11,8,15,41
3071,13,6,15,45
3072,16,9,9,57
3073,19,7,8,64
3074,14,13,7,55
3075,13,6,15,45
3076,18,8,8,62
3077,16,8,10,56
3078,15,12,7,57
3079,18,6,10,60
3080,16,7,11,55
3081,19,5,10,62
3082,17,8,9,59
3083,16,11,7,59
3084,14,8,12,50
3085,16,5,13,53
3086,16,7,11,55
3087,16,8,10,56
3088,18,7,9,61
3089,15,6,13,51
3090,14,5,15,47
3091,20,8,6,68
3092,17,7,10,58
3093,12,9,13,45
3094,13,11,10,50
3095,11,11,12,44
3096,18,10,6,64
3097,16,8,10,56
3098,16,7,11,55
3099,19,9,6,66
3100,17,3,14,54
3101,13,7,14,46
3102,14,11,9,53
3103,16,4,14,52
3104,16,6,12,54
3105,19,5,10,62
3106,17,7,10,58
3107,15,5,14,50
3108,11,9,14,42
3109,17,7,10,58
3110,12,7,15,43
3111,15,9,10,54
3112,22,9,3,75
3113,17,6,11,57
3114,11,7,16,40
3115,22,6,6,72
3116,16,8,10,56
3117,14,8,12,50
3118,15,4,15,49
3119,18,4,12,58
3120,19,4,11,61
3121,13,5,16,44
3122,21,9,4,72
3123,18,6,10,60
3124,16,7,11,55
3125,20,2,12,62
3126,18,9,7,63
3127,13,9,12,48
3128,22,6,6,72
3129,17,5,12,56
3130,15,9,10,54
3131,14,9,11,51
3132,15,5,14,50
3133,21,5,8,68
3134,12,10,12,46
3135,13,9,12,48
3136,14,7,13,49
3137,16,7,11,55
3138,14,7,13,49
3139,17,8,9,59
3140,11,13,10,46
3141,13,8,13,47
3142,13,8,13,47
3143,16,10,8,58
3144,17,3,14,54
3145,20,6,8,66
3146,18,3,13,57
3147,18,3,13,57
3148,9,10,15,37
3149,16,10,8,58
3150,16,9,9,57
3151,13,12,9,51
3152,14,8,12,50
3153,16,6,12,54
3154,14,8,12,50
3155,17,8,9,59
3156,11,6,17,39
3157,16,10,8,58
3158,16,9,9,57
3159,17,7,10,58
3160,13,10,11,49
3161,17,8,9,59
3162,12,7,15,43
3163,15,9,10,54
3164,16,7,11,55
3165,23,5,6,74
3166,15,10,9,55
3167,21,5,8,68
3168,10,10,14,40
3169,15,6,13,51
3170,19,4,11,61
3171,19,6,9,63
3172,17,5,12,56
3173,18,10,6,64
3174,19,6,9,63
3175,15,9,10,54
3176,12,7,15,43
3177,16,8,10,56
3178,18,7,9,61
3179,17,4,13,55
3180,17,9,8,60
3181,11,8,15,41
3182,14,7,13,49
3183,13,6,15,45
3184,17,8,9,59
3185,20,6,8,66
3186,18,7,9,61
3187,15,9,10,54
3188,12,6,16,42
3189,19,5,10,62
3190,14,10,10,52
3191,23,4,7,73
3192,12,8,14,44
3193,15,8,11,53
3194,13,7,14,46
3195,16,6,12,54
3196,18,7,9,61
3197,12,13,9,49
3198,13,13,8,52
3199,13,10,11,49
3200,13,8,13,47
3201,18,9,7,63
3202,14,9,11,51
3203,14,4,16,46
3204,14,9,11,51
3205,10,10,14,40
3206,18,5,11,59
3207,19,6,9,63
3208,22,6,6,72
3209,20,9,5,69
3210,15,8,11,53
3211,19,5,10,62
3212,15,4,15,49
3213,12,3,19,39
3214,12,11,11,47
3215,16,10,8,58
3216,17,6,11,57
3217,19,4,11,61
3218,12,12,10,48
3219,12,12,10,48
3220,14,5,15,47
3221,16,12,6,60
3222,14,10,10,52
3223,18,7,9,61
3224,13,7,14,46
3225,15,8,11,53
3226,17,7,10,58
3227,18,3,13,57
3228,16,4,14,52
3229,17,6,11,57
3230,17,6,11,57
3231,15,8,11,53
3232,19,5,10,62
3233,14,6,14,48
3234,17,9,8,60
3235,18,6,10,60
3236,14,4,16,46
3237,12,9,13,45
3238,13,11,10,50
3239,15,9,10,54
3240,17,6,11,57
3241,14,10,10,52
3242,13,11,10,50
3243,16,8,10,56
3244,14,7,13,49
3245,22,5,7,71
3246,20,7,7,67
3247,18,4,12,58
3248,16,8,10,56
3249,15,7,12,52
3250,12,7,15,43
3251,14,9,11,51
3252,17,9,8,60
3253,20,3,11,63
3254,17,2,15,53
3255,16,8,10,56
3256,18,7,9,61
3257,19,6,9,63
3258,14,6,14,48
3259,18,5,11,59
3260,16,6,12,54
3261,18,6,10,60
3262,17,5,12,56
3263,15,7,12,52
3264,14,10,10,52
3265,24,1,9,73
3266,16,6,12,54
3267,13,9,12,48
3268,21,5,8,68
3269,18,9,7,63
3270,19,9,6,66
3271,16,7,11,55
3272,19,7,8,64
3273,17,7,10,58
3274,18,5,11,59
3275,16,6,12,54
3276,14,10,10,52
3277,18,7,9,61
3278,17,9,8,60
3279,19,7,8,64
3280,15,13,6,58
3281,16,9,9,57
3282,8,11,15,35
3283,19,2,13,59
3284,14,8,12,50
3285,16,6,12,54
3286,15,9,10,54
3287,16,5,13,53
3288,16,8,10,56
3289,16,7,11,55
3290,17,9,8,60
3291,13,5,16,44
3292,17,5,12,56
3293,15,3,16,48
3294,14,8,12,50
3295,9,11,14,38
3296,19,5,10,62
3297,18,6,10,60
3298,22,2,10,68
3299,15,7,12,52
3300,18,8,8,62
3301,21,6,7,69
3302,18,5,11,59
3303,14,9,11,51
3304,14,6,14,48
3305,21,2,11,65
3306,18,4,12,58
3307,18,4,12,58
3308,19,9,6,66
3309,16,9,9,57
3310,17,5,12,56
3311,15,9,10,54
3312,17,8,9,59
3313,9,10,15,37
3314,18,4,12,58
3315,19,3,12,60
3316,15,5,14,50
3317,16,10,8,58
3318,16,8,10,56
3319,17,8,9,59
3320,12,8,14,44
3321,17,9,8,60
3322,16,9,9,57
3323,13,6,15,45
3324,16,9,9,57
3325,18,5,11,59
3326,16,8,10,56
3327,16,9,9,57
3328,16,5,13,53
3329,17,10,7,61
3330,19,7,8,64
3331,18,7,9,61
3332,16,7,11,55
3333,14,6,14,48
3334,13,10,11,49
3335,11,7,16,40
3336,19,4,11,61
3337,17,5,12,56
3338,18,4,12,58
3339,16,8,10,56
3340,17,10,7,61
3341,17,6,11,57
3342,13,7,14,46
3343,12,9,13,45
3344,22,3,9,69
3345,17,7,10,58
3346,15,10,9,55
3347,14,10,10,52
3348,15,8,11,53
3349,17,6,11,57
3350,19,4,11,61
3351,23,3,8,72
3352,12,9,13,45
3353,13,6,15,45
3354,18,6,10,60
3355,12,10,12,46
3356,22,3,9,69
3357,15,10,9,55
3358,18,7,9,61
3359,17,7,10,58
3360,13,11,10,50
3361,18,5,11,59
3362,15,11,8,56
3363,17,6,11,57
3364,14,10,10,52
3365,18,5,11,59
3366,17,8,9,59
3367,12,12,10,48
3368,16,7,11,55
3369,12,3,19,39
3370,19,6,9,63
3371,14,6,14,48
3372,13,11,10,50
3373,17,6,11,57
3374,17,5,12,56
3375,20,4,10,64
3376,20,8,6,68
3377,14,7,13,49
3378,18,5,11,59
3379,13,7,14,46
3380,13,5,16,44
3381,11,9,14,42
3382,18,8,8,62
3383,16,10,8,58
3384,14,8,12,50
3385,16,6,12,54
3386,16,8,10,56
3387,11,9,14,42
3388,17,7,10,58
3389,19,5,10,62
3390,17,8,9,59
3391,13,10,11,49
3392,20,9,5,69
3393,17,5,12,56
3394,16,4,14,52
3395,14,11,9,53
3396,16,6,12,54
3397,12,10,12,46
3398,19,7,8,64
3399,12,10,12,46
3400,10,10,14,40
3401,17,5,12,56
3402,11,7,16,40
3403,18,7,9,61
3404,15,7,12,52
3405,14,7,13,49
3406,19,5,10,62
3407,13,7,14,46
3408,13,9,12,48
3409,13,9,12,48
3410,16,7,11,55
3411,11,9,14,42
3412,18,8,8,62
3413,14,5,15,47
3414,18,9,7,63
3415,15,10,9,55
3416,13,6,15,45
3417,14,7,13,49
3418,17,7,10,58
3419,15,5,14,50
3420,17,6,11,57
3421,17,4,13,55
3422,17,8,9,59
3423,16,8,10,56
3424,14,5,15,47
3425,13,8,13,47
3426,13,8,13,47
3427,16,7,11,55
3428,16,8,10,56
3429,16,6,12,54
3430,19,8,7,65
3431,13,12,9,51
3432,17,6,11,57
3433,19,6,9,63
3434,16,8,10,56
3435,19,9,6,66
3436,17,5,12,56
3437,12,7,15,43
3438,18,5,11,59
3439,13,10,11,49
3440,15,6,13,51
3441,14,9,11,51
3442,15,8,11,53
3443,20,6,8,66
3444,13,6,15,45
3445,10,10,14,40
3446,17,6,11,57
3447,19,2,13,59
3448,14,9,11,51
3449,15,5,14,50
3450,17,10,7,61
3451,22,7,5,73
3452,18,4,12,58
3453,18,6,10,60
3454,18,7,9,61
3455,13,9,12,48
3456,12,6,16,42
3457,16,7,11,55
3458,17,6,11,57
3459,17,6,11,57
3460,17,6,11,57
3461,15,5,14,50
3462,20,4,10,64
3463,18,9,7,63
3464,23,5,6,74
3465,22,4,8,70
3466,17,4,13,55
3467,10,8,16,38
3468,22,4,8,70
3469,20,6,8,66
3470,21,6,7,69
3471,18,6,10,60
3472,17,11,6,62
3473,13,8,13,47
3474,20,7,7,67
3475,16,8,10,56
3476,14,10,10,52
3477,13,9,12,48
3478,20,3,11,63
3479,16,5,13,53
3480,18,6,10,60
3481,15,7,12,52
3482,12,12,10,48
3483,17,6,11,57
3484,13,6,15,45
3485,18,7,9,61
3486,14,9,11,51
3487,17,6,11,57
3488,17,7,10,58
3489,16,6,12,54
3490,12,10,12,46
3491,15,9,10,54
3492,14,11,9,53
3493,19,6,9,63
3494,17,7,10,58
3495,15,7,12,52
3496,18,7,9,61
3497,12,11,11,47
3498,16,4,14,52
3499,18,8,8,62
3500,15,6,13,51
3501,16,7,11,55
3502,15,12,7,57
3503,17,9,8,60
3504,16,11,7,59
3505,17,5,12,56
3506,21,5,8,68
3507,15,12,7,57
3508,16,3,15,51
3509,22,7,5,73
3510,15,5,14,50
3511,13,8,13,47
3512,19,5,10,62
3513,18,4,12,58
3514,13,12,9,51
3515,15,11,8,56
3516,22,7,5,73
3517,19,5,10,62
3518,16,6,12,54
3519,15,6,13,51
3520,14,8,12,50
3521,15,10,9,55
3522,16,7,11,55
3523,18,5,11,59
3524,16,10,8,58
3525,15,6,13,51
3526,16,5,13,53
3527,17,5,12,56
3528,17,5,12,56
3529,15,12,7,57
3530,20,9,5,69
3531,17,5,12,56
3532,15,7,12,52
3533,20,5,9,65
3534,21,5,8,68
3535,20,7,7,67
3536,13,6,15,45
3537,16,11,7,59
3538,14,5,15,47
3539,11,13,10,46
3540,18,2,14,56
3541,14,6,14,48
3542,11,9,14,42
3543,18,4,12,58
3544,16,6,12,54
3545,14,9,11,51
3546,19,5,10,62
3547,15,7,12,52
3548,19,4,11,61
3549,12,9,13,45
3550,12,11,11,47
3551,14,13,7,55
3552,14,7,13,49
3553,17,8,9,59
3554,17,6,11,57
3555,12,9,13,45
3556,15,7,12,52
3557,12,9,13,45
3558,12,9,13,45
3559,17,9,8,60
3560,14,6,14,48
3561,15,6,13,51
3562,16,7,11,55
3563,14,9,11,51
3564,19,4,11,61
3565,23,6,5,75
3566,14,6,14,48
3567,19,6,9,63
3568,20,3,11,63
3569,22,5,7,71
3570,19,7,8,64
3571,17,3,14,54
3572,17,11,6,62
3573,16,8,10,56
3574,12,9,13,45
3575,18,7,9,61
3576,16,2,16,50
3577,18,6,10,60
3578,18,5,11,59
3579,16,3,15,51
3580,13,12,9,51
3581,18,3,13,57
3582,16,4,14,52
3583,15,8,11,53
3584,12,10,12,46
3585,18,7,9,61
3586,14,9,11,51
3587,20,7,7,67
3588,16,8,10,56
3589,12,11,11,47
3590,15,11,8,56
3591,16,4,14,52
3592,16,8,10,56
3593,13,8,13,47
3594,16,4,14,52
3595,15,11,8,56
3596,13,8,13,47
3597,16,5,13,53
3598,17,7,10,58
3599,18,4,12,58
3600,14,8,12,50
3601,13,8,13,47
3602,16,6,12,54
3603,11,9,14,42
3604,21,6,7,69
3605,18,8,8,62
3606,11,9,14,42
3607,15,3,16,48
3608,15,6,13,51
3609,12,11,11,47
3610,19,4,11,61
3611,18,3,13,57
3612,22,7,5,73
3613,10,9,15,39
3614,18,6,10,60
3615,12,8,14,44
3616,17,7,10,58
3617,17,7,10,58
3618,17,9,8,60
3619,17,8,9,59
3620,15,6,13,51
3621,21,5,8,68
3622,14,12,8,54
3623,16,9,9,57
3624,12,9,13,45
3625,14,7,13,49
3626,18,5,11,59
3627,16,2,16,50
3628,20,5,9,65
3629,19,6,9,63
3630,14,7,13,49
3631,14,7,13,49
3632,20,7,7,67
3633,16,6,12,54
3634,13,8,13,47
3635,15,11,8,56
3636,17,9,8,60
3637,15,6,13,51
3638,12,9,13,45
3639,15,4,15,49
3640,15,10,9,55
3641,14,6,14,48
3642,14,8,12,50
3643,15,9,10,54
3644,14,10,10,52
3645,13,11,10,50
3646,15,6,13,51
3647,21,6,7,69
3648,17,7,10,58
3649,17,7,10,58
3650,18,5,11,59
3651,16,8,10,56
3652,15,9,10,54
3653,17,7,10,58
3654,17,4,13,55
3655,17,5,12,56
3656,12,12,10,48
3657,18,6,10,60
3658,12,11,11,47
3659,12,11,11,47
3660,19,4,11,61
3661,24,5,5,77
3662,16,9,9,57
3663,13,8,13,47
3664,17,7,10,58
3665,15,4,15,49
3666,13,8,13,47
3667,12,10,12,46
3668,18,6,10,60
3669,15,12,7,57
3670,19,5,10,62
3671,14,7,13,49
3672,11,9,14,42
3673,19,3,12,60
3674,17,8,9,59
3675,14,8,12,50
3676,17,6,11,57
3677,21,3,10,66
3678,17,6,11,57
3679,12,9,13,45
3680,19,3,12,60
3681,14,4,16,46
3682,14,13,7,55
3683,20,5,9,65
3684,17,2,15,53
3685,10,6,18,36
3686,16,5,13,53
3687,15,9,10,54
3688,15,4,15,49
3689,14,9,11,51
3690,17,8,9,59
3691,17,5,12,56
3692,15,7,12,52
3693,20,7,7,67
3694,13,8,13,47
3695,14,4,16,46
3696,14,7,13,49
3697,19,5,10,62
3698,15,8,11,53
3699,18,3,13,57
3700,16,11,7,59
3701,17,9,8,60
3702,19,7,8,64
3703,16,10,8,58
3704,18,7,9,61
3705,19,9,6,66
3706,16,9,9,57
3707,16,4,14,52
3708,23,3,8,72
3709,16,7,11,55
3710,18,6,10,60
3711,16,6,12,54
3712,13,10,11,49
3713,12,9,13,45
3714,18,6,10,60
3715,18,7,9,61
3716,17,7,10,58
3717,20,4,10,64
3718,15,6,13,51
3719,11,9,14,42
3720,17,5,12,56
3721,13,7,14,46
3722,16,4,14,52
3723,9,13,12,40
3724,16,5,13,53
3725,21,7,6,70
3726,16,7,11,55
3727,10,7,17,37
3728,13,11,10,50
3729,17,6,11,57
3730,15,5,14,50
3731,15,7,12,52
3732,15,7,12,52
3733,19,4,11,61
3734,19,5,10,62
3735,18,4,12,58
3736,14,9,11,51
3737,16,9,9,57
3738,17,7,10,58
3739,15,8,11,53
3740,18,6,10,60
3741,18,3,13,57
3742,19,6,9,63
3743,17,8,9,59
3744,16,8,10,56
3745,14,10,10,52
3746,16,7,11,55
3747,14,9,11,51
3748,21,4,9,67
3749,14,8,12,50
3750,11,9,14,42
3751,17,7,10,58
3752,19,7,8,64
3753,18,5,11,59
3754,16,8,10,56
3755,16,7,11,55
3756,13,13,8,52
3757,22,7,5,73
3758,23,7,4,76
3759,19,8,7,65
3760,17,6,11,57
3761,17,7,10,58
3762,16,8,10,56
3763,18,5,11,59
3764,16,8,10,56
3765,16,5,13,53
3766,15,7,12,52
3767,16,5,13,53
3768,13,7,14,46
3769,17,6,11,57
3770,15,10,9,55
3771,17,11,6,62
3772,14,8,12,50
3773,11,7,16,40
3774,18,6,10,60
3775,14,7,13,49
3776,19,7,8,64
3777,14,9,11,51
3778,19,8,7,65
3779,9,7,18,34
3780,17,7,10,58
3781,14,8,12,50
3782,20,5,9,65
3783,15,7,12,52
3784,13,9,12,48
3785,19,7,8,64
3786,20,4,10,64
3787,19,9,6,66
3788,11,6,17,39
3789,20,5,9,65
3790,15,5,14,50
3791,16,5,13,53
3792,11,8,15,41
3793,15,9,10,54
3794,17,9,8,60
3795,16,6,12,54
3796,19,7,8,64
3797,15,7,12,52
3798,16,14,4,62
3799,13,6,15,45
3800,20,8,6,68
3801,18,7,9,61
3802,22,3,9,69
3803,17,7,10,58
3804,14,7,13,49
3805,12,11,11,47
3806,17,7,10,58
3807,16,11,7,59
3808,12,10,12,46
3809,16,5,13,53
3810,20,4,10,64
3811,15,7,12,52
3812,16,7,11,55
3813,15,6,13,51
3814,14,12,8,54
3815,17,5,12,56
3816,16,6,12,54
3817,15,7,12,52
3818,14,11,9,53
3819,10,12,12,42
3820,15,8,11,53
3821,17,9,8,60
3822,14,7,13,49
3823,19,5,10,62
3824,13,9,12,48
3825,17,5,12,56
3826,11,11,12,44
3827,17,5,12,56
3828,12,8,14,44
3829,17,5,12,56
3830,18,3,13,57
3831,16,6,12,54
3832,17,5,12,56
3833,19,5,10,62
3834,15,8,11,53
3835,15,7,12,52
3836,15,4,15,49
3837,15,7,12,52
3838,19,8,7,65
3839,20,7,7,67
3840,15,6,13,51
3841,16,10,8,58
3842,18,9,7,63
3843,19,6,9,63
3844,19,5,10,62
3845,16,9,9,57
3846,20,4,10,64
3847,15,3,16,48
3848,18,6,10,60
3849,15,5,14,50
3850,17,5,12,56
3851,11,10,13,43
3852,18,5,11,59
3853,16,4,14,52
3854,18,6,10,60
3855,15,10,9,55
3856,19,7,8,64
3857,17,10,7,61
3858,18,7,9,61
3859,13,12,9,51
3860,16,6,12,54
3861,13,11,10,50
3862,18,6,10,60
3863,16,8,10,56
3864,13,8,13,47
3865,15,11,8,56
3866,12,10,12,46
3867,15,5,14,50
3868,13,5,16,44
3869,17,5,12,56
3870,12,6,16,42
3871,18,3,13,57
3872,15,11,8,56
3873,17,10,7,61
3874,16,9,9,57
3875,17,5,12,56
3876,17,2,15,53
3877,17,7,10,58
3878,15,11,8,56
3879,17,7,10,58
3880,19,4,11,61
3881,16,11,7,59
3882,18,6,10,60
3883,16,5,13,53
3884,21,5,8,68
3885,16,8,10,56
3886,17,9,8,60
3887,18,8,8,62
3888,10,5,19,35
3889,16,10,8,58
3890,18,8,8,62
3891,11,11,12,44
3892,15,11,8,56
3893,17,6,11,57
3894,23,4,7,73
3895,15,6,13,51
3896,20,3,11,63
3897,15,7,12,52
3898,15,12,7,57
3899,10,13,11,43
3900,15,10,9,55
3901,14,6,14,48
3902,19,6,9,63
3903,11,12,11,45
3904,18,4,12,58
3905,19,9,6,66
3906,16,7,11,55
3907,20,4,10,64
3908,17,8,9,59
3909,14,7,13,49
3910,15,7,12,52
3911,13,9,12,48
3912,17,7,10,58
3913,13,8,13,47
3914,19,6,9,63
3915,16,8,10,56
3916,21,6,7,69
3917,12,8,14,44
3918,13,9,12,48
3919,20,6,8,66
3920,18,5,11,59
3921,20,5,9,65
3922,19,5,10,62
3923,16,6,12,54
3924,19,5,10,62
3925,11,11,12,44
3926,19,5,10,62
3927,19,6,9,63
3928,12,10,12,46
3929,18,11,5,65
3930,17,5,12,56
3931,20,5,9,65
3932,14,10,10,52
3933,24,9,1,81
3934,19,6,9,63
3935,15,6,13,51
3936,13,14,7,53
3937,11,6,17,39
3938,16,10,8,58
3939,16,10,8,58
3940,16,7,11,55
3941,20,5,9,65
3942,16,7,11,55
3943,14,6,14,48
3944,13,13,8,52
3945,17,7,10,58
3946,15,7,12,52
3947,18,5,11,59
3948,16,8,10,56
3949,18,7,9,61
3950,14,10,10,52
3951,17,5,12,56
3952,14,7,13,49
3953,9,10,15,37
3954,17,8,9,59
3955,16,8,10,56
3956,16,6,12,54
3957,13,11,10,50
3958,13,11,10,50
3959,19,3,12,60
3960,17,10,7,61
3961,14,7,13,49
3962,11,14,9,47
3963,21,4,9,67
3964,23,3,8,72
3965,16,9,9,57
3966,14,11,9,53
3967,19,4,11,61
3968,17,5,12,56
3969,16,10,8,58
3970,13,6,15,45
3971,15,4,15,49
3972,14,5,15,47
3973,20,6,8,66
3974,16,8,10,56
3975,16,5,13,53
3976,14,9,11,51
3977,18,8,8,62
3978,15,6,13,51
3979,15,8,11,53
3980,17,2,15,53
3981,14,11,9,53
3982,13,8,13,47
3983,17,8,9,59
3984,15,5,14,50
3985,15,10,9,55
3986,16,9,9,57
3987,21,6,7,69
3988,20,4,10,64
3989,15,8,11,53
3990,16,6,12,54
3991,16,7,11,55
3992,15,7,12,52
3993,21,5,8,68
3994,14,4,16,46
3995,16,5,13,53
3996,17,9,8,60
3997,17,11,6,62
3998,22,7,5,73
3999,15,10,9,55
4000,18,6,10,60
4001,14,7,13,49
4002,20,6,8,66
4003,21,5,8,68
4004,9,7,18,34
4005,17,6,11,57
4006,14,8,12,50
4007,14,6,14,48
4008,16,5,13,53
4009,17,8,9,59
4010,17,5,12,56
4011,19,6,9,63
4012,19,6,9,63
4013,17,5,12,56
4014,14,6,14,48
4015,19,6,9,63
4016,19,5,10,62
4017,15,7,12,52
4018,15,9,10,54
4019,17,9,8,60
4020,13,6,15,45
4021,20,5,9,65
4022,19,7,8,64
4023,14,5,15,47
4024,17,7,10,58
4025,15,9,10,54
4026,22,4,8,70
4027,14,5,15,47
4028,17,6,11,57
4029,12,10,12,46
4030,18,5,11,59
4031,15,6,13,51
4032,16,5,13,53
4033,19,3,12,60
4034,19,3,12,60
4035,18,7,9,61
4036,14,5,15,47
4037,19,7,8,64
4038,14,8,12,50
4039,15,8,11,53
4040,16,7,11,55
4041,13,9,12,48
4042,13,6,15,45
4043,18,4,12,58
4044,13,11,10,50
4045,15,9,10,54
4046,17,4,13,55
4047,18,11,5,65
4048,17,6,11,57
4049,12,8,14,44
4050,15,9,10,54
4051,10,17,7,47
4052,15,9,10,54
4053,15,10,9,55
4054,17,8,9,59
4055,14,9,11,51
4056,18,7,9,61
4057,13,5,16,44
4058,16,7,11,55
4059,16,11,7,59
4060,18,2,14,56
4061,15,8,11,53
4062,18,10,6,64
4063,12,7,15,43
4064,19,10,5,67
4065,16,4,14,52
4066,17,7,10,58
4067,15,7,12,52
4068,18,6,10,60
4069,14,5,15,47
4070,15,4,15,49
4071,15,6,13,51
4072,21,7,6,70
4073,17,5,12,56
4074,15,9,10,54
4075,14,8,12,50
4076,19,6,9,63
4077,16,7,11,55
4078,14,6,14,48
4079,14,9,11,51
4080,14,7,13,49
4081,15,10,9,55
4082,18,6,10,60
4083,19,4,11,61
4084,18,6,10,60
4085,20,5,9,65
4086,13,8,13,47
4087,16,7,11,55
4088,17,8,9,59
4089,18,3,13,57
4090,19,7,8,64
4091,17,5,12,56
4092,15,9,10,54
4093,17,7,10,58
4094,14,10,10,52
4095,19,5,10,62
4096,19,5,10,62
4097,15,7,12,52
4098,22,5,7,71
4099,15,11,8,56
4100,14,6,14,48
4101,16,9,9,57
4102,17,1,16,52
4103,12,13,9,49
4104,15,8,11,53
4105,17,7,10,58
4106,19,8,7,65
4107,19,3,12,60
4108,14,9,11,51
4109,15,5,14,50
4110,21,6,7,69
4111,12,12,10,48
4112,18,6,10,60
4113,14,7,13,49
4114,16,7,11,55
4115,13,7,14,46
4116,16,13,5,61
4117,14,7,13,49
4118,20,5,9,65
4119,21,7,6,70
4120,20,5,9,65
4121,15,8,11,53
4122,13,7,14,46
4123,17,8,9,59
4124,10,11,13,41
4125,18,7,9,61
4126,15,8,11,53
4127,18,5,11,59
4128,14,9,11,51
4129,20,4,10,64
4130,13,6,15,45
4131,18,7,9,61
4132,16,10,8,58
4133,14,5,15,47
4134,18,7,9,61
4135,16,5,13,53
4136,12,9,13,45
4137,17,9,8,60
4138,17,7,10,58
4139,15,9,10,54
4140,17,9,8,60
4141,21,5,8,68
4142,17,4,13,55
4143,21,3,10,66
4144,17,5,12,56
4145,18,7,9,61
4146,19,9,6,66
4147,17,8,9,59
4148,15,8,11,53
4149,14,7,13,49
4150,19,3,12,60
4151,15,9,10,54
4152,16,12,6,60
4153,24,3,7,75
4154,14,3,17,45
4155,16,4,14,52
4156,17,6,11,57
4157,15,5,14,50
4158,19,2,13,59
4159,18,8,8,62
4160,15,8,11,53
4161,17,6,11,57
4162,17,7,10,58
4163,17,4,13,55
4164,14,7,13,49
4165,17,8,9,59
4166,14,9,11,51
4167,17,5,12,56
4168,14,8,12,50
4169,17,10,7,61
4170,13,8,13,47
4171,13,7,14,46
4172,17,4,13,55
4173,17,10,7,61
4174,10,10,14,40
4175,19,3,12,60
4176,18,6,10,60
4177,19,7,8,64
4178,18,9,7,63
4179,16,12,6,60
4180,19,6,9,63
4181,12,10,12,46
4182,18,10,6,64
4183,19,5,10,62
4184,12,4,18,40
4185,16,7,11,55
4186,12,12,10,48
4187,18,5,11,59
4188,19,6,9,63
4189,10,7,17,37
4190,14,5,15,47
4191,11,10,13,43
4192,12,9,13,45
4193,18,6,10,60
4194,14,8,12,50
4195,19,10,5,67
4196,17,6,11,57
4197,13,9,12,48
4198,22,3,9,69
4199,21,3,10,66
4200,18,9,7,63
4201,15,7,12,52
4202,20,6,8,66
4203,14,5,15,47
4204,15,10,9,55
4205,17,7,10,58
4206,18,8,8,62
4207,14,10,10,52
4208,15,7,12,52
4209,14,7,13,49
4210,17,7,10,58
4211,11,14,9,47
4212,16,5,13,53
4213,17,8,9,59
4214,14,9,11,51
4215,10,9,15,39
4216,17,7,10,58
4217,14,7,13,49
4218,15,10,9,55
4219,13,9,12,48
4220,18,7,9,61
4221,14,7,13,49
4222,20,6,8,66
4223,16,7,11,55
4224,21,6,7,69
4225,16,8,10,56
4226,15,4,15,49
4227,17,9,8,60
4228,17,7,10,58
4229,15,9,10,54
4230,12,10,12,46
4231,15,8,11,53
4232,15,9,10,54
4233,16,8,10,56
4234,19,6,9,63
4235,16,9,9,57
4236,18,7,9,61
4237,16,5,13,53
4238,13,9,12,48
4239,11,7,16,40
4240,19,7,8,64
4241,19,8,7,65
4242,14,12,8,54
4243,16,4,14,52
4244,13,11,10,50
4245,15,9,10,54
4246,20,6,8,66
4247,18,12,4,66
4248,18,5,11,59
4249,16,7,11,55
4250,13,6,15,45
4251,15,9,10,54
4252,19,4,11,61
4253,17,6,11,57
4254,13,8,13,47
4255,18,5,11,59
4256,12,9,13,45
4257,17,7,10,58
4258,13,11,10,50
4259,17,8,9,59
4260,20,6,8,66
4261,20,5,9,65
4262,18,5,11,59
4263,17,4,13,55
4264,17,8,9,59
4265,21,5,8,68
4266,17,5,12,56
4267,16,9,9,57
4268,12,11,11,47
4269,15,7,12,52
4270,17,12,5,63
4271,18,6,10,60
4272,13,7,14,46
4273,15,8,11,53
4274,15,8,11,53
4275,17,9,8,60
4276,16,6,12,54
4277,15,10,9,55
4278,13,11,10,50
4279,19,6,9,63
4280,15,8,11,53
4281,18,6,10,60
4282,18,6,10,60
4283,15,7,12,52
4284,15,11,8,56
4285,17,7,10,58
4286,13,11,10,50
4287,16,6,12,54
4288,17,5,12,56
4289,20,4,10,64
4290,15,8,11,53
4291,12,9,13,45
4292,19,7,8,64
4293,12,8,14,44
4294,17,6,11,57
4295,15,7,12,52
4296,17,9,8,60
4297,15,10,9,55
4298,17,7,10,58
4299,15,8,11,53
4300,14,6,14,48
4301,19,6,9,63
4302,17,6,11,57
4303,12,8,14,44
4304,19,10,5,67
4305,9,13,12,40
4306,19,5,10,62
4307,15,7,12,52
4308,20,8,6,68
4309,19,6,9,63
4310,19,7,8,64
4311,13,9,12,48
4312,14,11,9,53
4313,16,6,12,54
4314,16,4,14,52
4315,17,8,9,59
4316,17,4,13,55
4317,17,6,11,57
4318,14,7,13,49
4319,11,12,11,45
4320,15,9,10,54
4321,15,6,13,51
4322,15,6,13,51
4323,16,5,13,53
4324,17,6,11,57
4325,17,2,15,53
4326,17,7,10,58
4327,17,6,11,57
4328,15,9,10,54
4329,12,9,13,45
4330,16,12,6,60
4331,13,5,16,44
4332,19,9,6,66
4333,16,10,8,58
4334,17,7,10,58
4335,13,10,11,49
4336,13,11,10,50
4337,13,7,14,46
4338,11,9,14,42
4339,14,8,12,50
4340,20,8,6,68
4341,18,4,12,58
4342,19,3,12,60
4343,17,6,11,57
4344,16,10,8,58
4345,16,6,12,54
4346,14,8,12,50
4347,15,9,10,54
4348,16,7,11,55
4349,13,11,10,50
4350,14,5,15,47
4351,18,6,10,60
4352,18,8,8,62
4353,14,8,12,50
4354,17,7,10,58
4355,19,6,9,63
4356,14,7,13,49
4357,19,8,7,65
4358,16,7,11,55
4359,13,10,11,49
4360,15,7,12,52
4361,15,7,12,52
4362,15,10,9,55
4363,14,8,12,50
4364,14,5,15,47
4365,15,9,10,54
4366,15,7,12,52
4367,15,6,13,51
4368,13,8,13,47
4369,14,9,11,51
4370,17,10,7,61
4371,14,9,11,51
4372,13,9,12,48
4373,15,8,11,53
4374,19,5,10,62
4375,15,6,13,51
4376,17,6,11,57
4377,15,8,11,53
4378,14,13,7,55
4379,17,9,8,60
4380,15,4,15,49
4381,16,8,10,56
4382,17,7,10,58
4383,12,7,15,43
4384,17,7,10,58
4385,10,9,15,39
4386,20,7,7,67
4387,16,8,10,56
4388,14,9,11,51
4389,13,6,15,45
4390,14,8,12,50
4391,18,9,7,63
4392,12,10,12,46
4393,19,6,9,63
4394,16,8,10,56
4395,13,6,15,45
4396,18,9,7,63
4397,21,5,8,68
4398,14,8,12,50
4399,13,8,13,47
4400,11,10,13,43
4401,15,8,11,53
4402,16,8,10,56
4403,11,8,15,41
4404,19,2,13,59
4405,18,7,9,61
4406,14,7,13,49
4407,21,5,8,68
4408,12,12,10,48
4409,13,11,10,50
4410,16,9,9,57
4411,14,5,15,47
4412,13,6,15,45
4413,11,10,13,43
4414,15,6,13,51
4415,17,4,13,55
4416,18,8,8,62
4417,16,5,13,53
4418,18,9,7,63
4419,18,6,10,60
4420,15,7,12,52
4421,20,8,6,68
4422,14,9,11,51
4423,11,10,13,43
4424,16,9,9,57
4425,13,9,12,48
4426,16,7,11,55
4427,17,6,11,57
4428,19,4,11,61
4429,14,9,11,51
4430,20,5,9,65
4431,12,9,13,45
4432,16,5,13,53
4433,16,6,12,54
4434,14,7,13,49
4435,9,5,20,32
4436,20,5,9,65
4437,15,7,12,52
4438,15,6,13,51
4439,10,8,16,38
4440,18,3,13,57
4441,16,9,9,57
4442,21,5,8,68
4443,12,4,18,40
4444,15,8,11,53
4445,19,12,3,69
4446,18,5,11,59
4447,16,8,10,56
4448,16,5,13,53
4449,17,7,10,58
4450,15,7,12,52
4451,17,8,9,59
4452,19,3,12,60
4453,17,6,11,57
4454,15,10,9,55
4455,13,11,10,50
4456,19,5,10,62
4457,16,8,10,56
4458,16,8,10,56
4459,15,8,11,53
4460,16,5,13,53
4461,15,9,10,54
4462,18,5,11,59
4463,17,7,10,58
4464,19,6,9,63
4465,13,10,11,49
4466,13,10,11,49
4467,17,8,9,59
4468,14,7,13,49
4469,19,6,9,63
4470,16,6,12,54
4471,20,6,8,66
4472,15,8,11,53
4473,19,6,9,63
4474,15,6,13,51
4475,15,5,14,50
4476,18,7,9,61
4477,18,10,6,64
4478,13,13,8,52
4479,14,9,11,51
4480,20,5,9,65
4481,20,5,9,65
4482,14,8,12,50
4483,17,9,8,60
4484,11,8,15,41
4485,14,5,15,47
4486,20,7,7,67
4487,19,6,9,63
4488,18,8,8,62
4489,17,6,11,57
4490,18,5,11,59
4491,16,7,11,55
4492,17,7,10,58
4493,21,5,8,68
4494,18,6,10,60
4495,15,7,12,52
4496,14,7,13,49
4497,18,7,9,61
4498,12,8,14,44
4499,19,5,10,62
4500,16,4,14,52
4501,15,6,13,51
4502,20,4,10,64
4503,14,6,14,48
4504,15,6,13,51
4505,20,6,8,66
4506,21,5,8,68
4507,20,6,8,66
4508,13,5,16,44
4509,20,4,10,64
4510,20,6,8,66
4511,16,9,9,57
4512,18,7,9,61
4513,16,4,14,52
4514,14,8,12,50
4515,17,5,12,56
4516,19,4,11,61
4517,13,11,10,50
4518,15,12,7,57
4519,18,6,10,60
4520,17,8,9,59
4521,15,10,9,55
4522,19,7,8,64
4523,19,3,12,60
4524,17,9,8,60
4525,15,6,13,51
4526,17,7,10,58
4527,22,2,10,68
4528,17,7,10,58
4529,13,8,13,47
4530,18,4,12,58
4531,18,9,7,63
4532,16,7,11,55
4533,15,9,10,54
4534,14,10,10,52
4535,16,9,9,57
4536,14,8,12,50
4537,12,10,12,46
4538,13,12,9,51
4539,16,7,11,55
4540,13,11,10,50
4541,13,6,15,45
4542,15,7,12,52
4543,13,12,9,51
4544,16,7,11,55
4545,19,5,10,62
4546,14,11,9,53
4547,15,7,12,52
4548,14,8,12,50
4549,21,2,11,65
4550,13,11,10,50
4551,15,11,8,56
4552,20,6,8,66
4553,21,4,9,67
4554,12,11,11,47
4555,14,9,11,51
4556,16,9,9,57
4557,15,9,10,54
4558,18,8,8,62
4559,16,6,12,54
4560,15,11,8,56
4561,14,11,9,53
4562,17,7,10,58
4563,15,5,14,50
4564,14,6,14,48
4565,17,5,12,56
4566,16,9,9,57
4567,13,8,13,47
4568,19,5,10,62
4569,24,3,7,75
4570,19,5,10,62
4571,16,9,9,57
4572,18,6,10,60
4573,20,3,11,63
4574,16,8,10,56
4575,16,8,10,56
4576,17,8,9,59
4577,18,4,12,58
4578,16,7,11,55
4579,10,12,12,42
4580,15,5,14,50
4581,18,7,9,61
4582,16,7,11,55
4583,17,8,9,59
4584,14,7,13,49
4585,21,4,9,67
4586,14,11,9,53
4587,9,10,15,37
4588,21,7,6,70
4589,17,1,16,52
4590,13,8,13,47
4591,16,9,9,57
4592,12,8,14,44
4593,15,9,10,54
4594,24,2,8,74
4595,17,7,10,58
4596,18,4,12,58
4597,18,4,12,58
4598,19,5,10,62
4599,15,8,11,53
4600,16,7,11,55
4601,15,10,9,55
4602,12,10,12,46
4603,15,9,10,54
4604,17,6,11,57
4605,20,3,11,63
4606,18,4,12,58
4607,14,8,12,50
4608,15,9,10,54
4609,15,10,9,55
4610,17,6,11,57
4611,13,11,10,50
4612,17,3,14,54
4613,15,7,12,52
4614,20,4,10,64
4615,14,7,13,49
4616,19,9,6,66
4617,13,7,14,46
4618,15,9,10,54
4619,16,10,8,58
4620,15,6,13,51
4621,9,10,15,37
4622,17,7,10,58
4623,12,11,11,47
4624,19,4,11,61
4625,15,3,16,48
4626,15,12,7,57
4627,17,5,12,56
4628,14,9,11,51
4629,18,6,10,60
4630,17,7,10,58
4631,11,7,16,40
4632,19,4,11,61
4633,19,2,13,59
4634,15,12,7,57
4635,15,5,14,50
4636,21,7,6,70
4637,18,6,10,60
4638,14,8,12,50
4639,11,11,12,44
4640,17,9,8,60
4641,14,12,8,54
4642,14,5,15,47
4643,17,5,12,56
4644,17,10,7,61
4645,23,8,3,77
4646,16,4,14,52
4647,19,4,11,61
4648,17,6,11,57
4649,16,4,14,52
4650,20,9,5,69
4651,16,10,8,58
4652,16,8,10,56
4653,18,9,7,63
4654,13,7,14,46
4655,16,7,11,55
4656,16,7,11,55
4657,15,10,9,55
4658,17,6,11,57
4659,16,7,11,55
4660,18,9,7,63
4661,17,5,12,56
4662,19,7,8,64
4663,15,8,11,53
4664,16,8,10,56
4665,17,8,9,59
4666,17,3,14,54
4667,15,7,12,52
4668,12,6,16,42
4669,14,7,13,49
4670,13,8,13,47
4671,13,9,12,48
4672,12,11,11,47
4673,16,4,14,52
4674,17,8,9,59
4675,16,9,9,57
4676,19,7,8,64
4677,17,4,13,55
4678,17,7,10,58
4679,18,10,6,64
4680,17,8,9,59
4681,17,7,10,58
4682,15,4,15,49
4683,13,6,15,45
4684,17,6,11,57
4685,14,6,14,48
4686,13,10,11,49
4687,12,9,13,45
4688,18,6,10,60
4689,16,7,11,55
4690,14,10,10,52
4691,19,3,12,60
4692,17,7,10,58
4693,18,7,9,61
4694,18,8,8,62
4695,22,6,6,72
4696,22,8,4,74
4697,15,7,12,52
4698,14,3,17,45
4699,18,9,7,63
4700,20,7,7,67
4701,17,6,11,57
4702,14,5,15,47
4703,14,8,12,50
4704,14,6,14,48
4705,18,6,10,60
4706,21,7,6,70
4707,22,1,11,67
4708,13,7,14,46
4709,20,9,5,69
4710,18,7,9,61
4711,17,9,8,60
4712,21,6,7,69
4713,13,7,14,46
4714,18,9,7,63
4715,19,5,10,62
4716,16,10,8,58
4717,18,6,10,60
4718,14,11,9,53
4719,17,7,10,58
4720,14,6,14,48
4721,15,8,11,53
4722,15,8,11,53
4723,11,8,15,41
4724,15,10,9,55
4725,11,12,11,45
4726,18,10,6,64
4727,14,10,10,52
4728,14,7,13,49
4729,14,11,9,53
4730,17,10,7,61
4731,19,6,9,63
4732,16,2,16,50
4733,13,9,12,48
4734,14,8,12,50
4735,15,7,12,52
4736,13,12,9,51
4737,18,6,10,60
4738,22,5,7,71
4739,11,5,18,38
4740,19,10,5,67
4741,14,10,10,52
4742,21,5,8,68
4743,14,10,10,52
4744,18,6,10,60
4745,19,2,13,59
4746,18,7,9,61
4747,15,8,11,53
4748,13,9,12,48
4749,15,7,12,52
4750,17,9,8,60
4751,19,5,10,62
4752,16,5,13,53
4753,13,5,16,44
4754,16,7,11,55
4755,19,5,10,62
4756,18,4,12,58
4757,16,5,13,53
4758,19,6,9,63
4759,14,11,9,53
4760,16,8,10,56
4761,14,8,12,50
4762,13,7,14,46
4763,15,8,11,53
4764,15,3,16,48
4765,16,12,6,60
4766,15,5,14,50
4767,16,9,9,57
4768,11,11,12,44
4769,15,7,12,52
4770,14,9,11,51
4771,18,7,9,61
4772,17,7,10,58
4773,17,5,12,56
4774,14,8,12,50
4775,20,2,12,62
4776,19,8,7,65
4777,13,5,16,44
4778,16,10,8,58
4779,20,4,10,64
4780,13,10,11,49
4781,13,10,11,49
4782,13,14,7,53
4783,11,9,14,42
4784,18,7,9,61
4785,13,4,17,43
4786,12,8,14,44
4787,16,5,13,53
4788,17,7,10,58
4789,15,9,10,54
4790,14,10,10,52
4791,11,7,16,40
4792,18,5,11,59
4793,17,5,12,56
4794,15,6,13,51
4795,14,8,12,50
4796,17,8,9,59
4797,16,6,12,54
4798,17,7,10,58
4799,18,6,10,60
4800,18,5,11,59
4801,17,8,9,59
4802,15,7,12,52
4803,17,6,11,57
4804,12,9,13,45
4805,17,5,12,56
4806,17,5,12,56
4807,18,7,9,61
4808,17,7,10,58
4809,9,10,15,37
4810,20,7,7,67
4811,13,2,19,41
4812,16,10,8,58
4813,10,6,18,36
4814,16,7,11,55
4815,17,7,10,58
4816,16,5,13,53
4817,10,11,13,41
4818,18,10,6,64
4819,18,8,8,62
4820,15,5,14,50
4821,15,4,15,49
4822,14,10,10,52
4823,17,9,8,60
4824,19,6,9,63
4825,15,10,9,55
4826,15,7,12,52
4827,12,12,10,48
4828,16,9,9,57
4829,16,6,12,54
4830,21,5,8,68
4831,18,7,9,61
4832,17,9,8,60
4833,12,8,14,44
4834,13,4,17,43
4835,16,3,15,51
4836,17,5,12,56
4837,18,6,10,60
4838,10,9,15,39
4839,17,8,9,59
4840,15,7,12,52
4841,19,8,7,65
4842,20,7,7,67
4843,17,5,12,56
4844,18,6,10,60
4845,12,10,12,46
4846,15,9,10,54
4847,15,10,9,55
4848,18,7,9,61
4849,14,8,12,50
4850,11,12,11,45
4851,16,7,11,55
4852,17,5,12,56
4853,14,7,13,49
4854,13,3,18,42
4855,16,7,11,55
4856,17,4,13,55
4857,13,10,11,49
4858,12,4,18,40
4859,12,8,14,44
4860,15,7,12,52
4861,16,7,11,55
4862,15,6,13,51
4863,21,5,8,68
4864,14,8,12,50
4865,17,8,9,59
4866,16,8,10,56
4867,12,11,11,47
4868,20,3,11,63
4869,15,5,14,50
4870,18,6,10,60
4871,14,11,9,53
4872,9,6,19,33
4873,17,6,11,57
4874,16,7,11,55
4875,20,11,3,71
4876,24,5,5,77
4877,17,8,9,59
4878,16,9,9,57
4879,15,9,10,54
4880,16,8,10,56
4881,10,13,11,43
4882,16,6,12,54
4883,17,6,11,57
4884,14,8,12,50
4885,18,11,5,65
4886,19,4,11,61
4887,18,8,8,62
4888,17,8,9,59
4889,15,6,13,51
4890,14,9,11,51
4891,15,7,12,52
4892,18,8,8,62
4893,19,7,8,64
4894,11,7,16,40
4895,19,4,11,61
4896,13,5,16,44
4897,19,9,6,66
4898,13,9,12,48
4899,16,6,12,54
4900,15,5,14,50
4901,18,8,8,62
4902,14,6,14,48
4903,16,9,9,57
4904,13,9,12,48
4905,18,4,12,58
4906,20,6,8,66
4907,15,3,16,48
4908,19,7,8,64
4909,16,10,8,58
4910,19,4,11,61
4911,13,11,10,50
4912,18,7,9,61
4913,16,13,5,61
4914,13,8,13,47
4915,11,8,15,41
4916,21,4,9,67
4917,16,7,11,55
4918,17,3,14,54
4919,18,10,6,64
4920,14,5,15,47
4921,19,7,8,64
4922,14,6,14,48
4923,12,10,12,46
4924,15,8,11,53
4925,14,9,11,51
4926,16,7,11,55
4927,13,9,12,48
4928,14,6,14,48
4929,24,2,8,74
4930,14,7,13,49
4931,15,8,11,53
4932,16,8,10,56
4933,16,3,15,51
4934,14,8,12,50
4935,20,7,7,67
4936,16,7,11,55
4937,12,9,13,45
4938,12,10,12,46
4939,14,13,7,55
4940,18,9,7,63
4941,17,12,5,63
4942,20,7,7,67
4943,17,6,11,57
4944,12,6,16,42
4945,16,7,11,55
4946,19,3,12,60
4947,14,5,15,47
4948,15,11,8,56
4949,17,7,10,58
4950,9,9,16,36
4951,10,13,11,43
4952,16,6,12,54
4953,14,10,10,52
4954,16,8,10,56
4955,17,6,11,57
4956,21,7,6,70
4957,20,3,11,63
4958,17,7,10,58
4959,20,5,9,65
4960,15,6,13,51
4961,19,5,10,62
4962,15,7,12,52
4963,15,11,8,56
4964,19,5,10,62
4965,21,5,8,68
4966,14,7,13,49
4967,15,5,14,50
4968,18,6,10,60
4969,17,8,9,59
4970,17,8,9,59
4971,18,9,7,63
4972,14,4,16,46
4973,9,8,17,35
4974,12,14,8,50
4975,19,9,6,66
4976,16,7,11,55
4977,17,4,13,55
4978,16,5,13,53
4979,16,1,17,49
4980,15,7,12,52
4981,14,15,5,57
4982,22,4,8,70
4983,16,8,10,56
4984,18,4,12,58
4985,18,6,10,60
4986,17,7,10,58
4987,13,9,12,48
4988,21,3,10,66
4989,17,7,10,58
4990,18,11,5,65
4991,19,5,10,62
4992,18,6,10,60
4993,14,5,15,47
4994,21,7,6,70
4995,23,6,5,75
4996,19,4,11,61
4997,18,8,8,62
4998,16,4,14,52
4999,13,6,15,45
5000,16,5,13,53
5001,14,10,10,52
5002,12,8,14,44
5003,16,4,14,52
5004,13,9,12,48
5005,19,5,10,62
5006,18,10,6,64
5007,17,8,9,59
5008,15,5,14,50
5009,16,6,12,54
5010,15,9,10,54
5011,16,9,9,57
5012,16,7,11,55
5013,21,8,5,71
5014,15,7,12,52
5015,20,7,7,67
5016,10,13,11,43
5017,20,7,7,67
5018,15,7,12,52
5019,15,9,10,54
5020,11,8,15,41
5021,17,10,7,61
5022,15,8,11,53
5023,20,5,9,65
5024,19,12,3,69
5025,15,9,10,54
5026,12,9,13,45
5027,20,7,7,67
5028,17,5,12,56
5029,14,5,15,47
5030,13,8,13,47
5031,17,8,9,59
5032,16,5,13,53
5033,18,7,9,61
5034,16,8,10,56
5035,17,8,9,59
5036,12,6,16,42
5037,18,8,8,62
5038,20,6,8,66
5039,17,6,11,57
5040,17,3,14,54
5041,13,7,14,46
5042,14,8,12,50
5043,19,6,9,63
5044,18,5,11,59
5045,12,14,8,50
5046,16,7,11,55
5047,17,11,6,62
5048,16,9,9,57
5049,17,7,10,58
5050,18,7,9,61
5051,17,11,6,62
5052,16,7,11,55
5053,13,11,10,50
5054,16,7,11,55
5055,17,5,12,56
5056,16,4,14,52
5057,18,6,10,60
5058,14,8,12,50
5059,20,5,9,65
5060,18,8,8,62
5061,12,8,14,44
5062,13,8,13,47
5063,19,7,8,64
5064,14,9,11,51
5065,10,8,16,38
5066,19,4,11,61
5067,18,8,8,62
5068,14,9,11,51
5069,17,4,13,55
5070,15,6,13,51
5071,18,5,11,59
5072,17,7,10,58
5073,13,7,14,46
5074,18,8,8,62
5075,12,8,14,44
5076,20,5,9,65
5077,17,9,8,60
5078,20,5,9,65
5079,16,8,10,56
5080,15,10,9,55
5081,15,8,11,53
5082,12,11,11,47
5083,14,7,13,49
5084,19,3,12,60
5085,18,5,11,59
5086,15,6,13,51
5087,14,9,11,51
5088,16,7,11,55
5089,16,7,11,55
5090,17,6,11,57
5091,15,9,10,54
5092,16,8,10,56
5093,15,8,11,53
5094,15,6,13,51
5095,16,8,10,56
5096,13,10,11,49
5097,16,9,9,57
5098,15,7,12,52
5099,15,7,12,52
5100,16,7,11,55
5101,14,5,15,47
5102,18,7,9,61
5103,17,7,10,58
5104,15,5,14,50
5105,18,5,11,59
5106,12,9,13,45
5107,20,4,10,64
5108,22,4,8,70
5109,12,6,16,42
5110,14,4,16,46
5111,16,7,11,55
5112,9,12,13,39
5113,14,9,11,51
5114,20,5,9,65
5115,15,8,11,53
5116,14,10,10,52
5117,12,11,11,47
5118,13,11,10,50
5119,17,5,12,56
5120,18,9,7,63
5121,16,10,8,58
5122,16,8,10,56
5123,11,7,16,40
5124,19,7,8,64
5125,14,5,15,47
5126,15,12,7,57
5127,16,3,15,51
5128,15,5,14,50
5129,16,8,10,56
5130,18,7,9,61
5131,9,13,12,40
5132,13,8,13,47
5133,15,9,10,54
5134,19,4,11,61
5135,17,6,11,57
5136,17,2,15,53
5137,9,8,17,35
5138,18,7,9,61
5139,19,4,11,61
5140,14,8,12,50
5141,18,5,11,59
5142,17,7,10,58
5143,10,11,13,41
5144,17,6,11,57
5145,17,6,11,57
5146,15,4,15,49
5147,19,6,9,63
5148,13,13,8,52
5149,15,6,13,51
5150,17,5,12,56
5151,12,7,15,43
5152,7,8,19,29
5153,18,7,9,61
5154,18,4,12,58
5155,16,6,12,54
5156,15,10,9,55
5157,13,9,12,48
5158,19,7,8,64
5159,17,6,11,57
5160,21,3,10,66
5161,20,5,9,65
5162,13,8,13,47
5163,17,7,10,58
5164,19,6,9,63
5165,17,5,12,56
5166,12,8,14,44
5167,18,6,10,60
5168,14,10,10,52
5169,16,6,12,54
5170,17,9,8,60
5171,16,7,11,55
5172,14,8,12,50
5173,16,7,11,55
5174,17,8,9,59
5175,14,9,11,51
5176,15,9,10,54
5177,13,10,11,49
5178,16,7,11,55
5179,15,8,11,53
5180,14,12,8,54
5181,17,10,7,61
5182,13,8,13,47
5183,19,8,7,65
5184,15,8,11,53
5185,23,6,5,75
5186,7,13,14,34
5187,13,8,13,47
5188,18,11,5,65
5189,15,7,12,52
5190,16,5,13,53
5191,16,10,8,58
5192,13,9,12,48
5193,18,9,7,63
5194,13,8,13,47
5195,17,4,13,55
5196,9,15,10,42
5197,19,7,8,64
5198,16,11,7,59
5199,14,12,8,54
5200,17,9,8,60
5201,15,10,9,55
5202,17,6,11,57
5203,18,7,9,61
5204,15,6,13,51
5205,14,9,11,51
5206,14,8,12,50
5207,16,10,8,58
5208,16,4,14,52
5209,16,5,13,53
5210,13,7,14,46
5211,20,7,7,67
5212,11,8,15,41
5213,10,12,12,42
5214,10,8,16,38
5215,12,8,14,44
5216,16,7,11,55
5217,12,7,15,43
5218,15,5,14,50
5219,17,3,14,54
5220,13,7,14,46
5221,16,9,9,57
5222,17,4,13,55
5223,14,12,8,54
5224,17,6,11,57
5225,11,6,17,39
5226,19,5,10,62
5227,16,6,12,54
5228,13,10,11,49
5229,17,4,13,55
5230,20,5,9,65
5231,19,5,10,62
5232,13,8,13,47
5233,15,7,12,52
5234,14,6,14,48
5235,15,5,14,50
5236,15,6,13,51
5237,15,10,9,55
5238,21,5,8,68
5239,13,8,13,47
5240,14,6,14,48
5241,15,6,13,51
5242,14,7,13,49
5243,16,9,9,57
5244,18,4,12,58
5245,16,7,11,55
5246,16,6,12,54
5247,15,10,9,55
5248,13,8,13,47
5249,19,6,9,63
5250,16,6,12,54
5251,17,7,10,58
5252,13,14,7,53
5253,17,6,11,57
5254,15,7,12,52
5255,16,6,12,54
5256,16,6,12,54
5257,18,6,10,60
5258,17,8,9,59
5259,11,7,16,40
5260,17,6,11,57
5261,15,7,12,52
5262,17,7,10,58
5263,16,4,14,52
5264,10,11,13,41
5265,19,9,6,66
5266,20,8,6,68
5267,14,8,12,50
5268,16,4,14,52
5269,16,6,12,54
5270,16,6,12,54
5271,16,7,11,55
5272,19,5,10,62
5273,21,5,8,68
5274,17,13,4,64
5275,17,4,13,55
5276,18,5,11,59
5277,16,5,13,53
5278,14,7,13,49
5279,12,4,18,40
5280,16,4,14,52
5281,22,3,9,69
5282,14,8,12,50
5283,12,10,12,46
5284,19,4,11,61
5285,16,10,8,58
5286,22,5,7,71
5287,16,6,12,54
5288,15,9,10,54
5289,16,8,10,56
5290,18,4,12,58
5291,10,9,15,39
5292,19,6,9,63
5293,15,7,12,52
5294,11,8,15,41
5295,14,8,12,50
5296,15,6,13,51
5297,16,6,12,54
5298,16,6,12,54
5299,18,3,13,57
5300,9,6,19,33
5301,23,5,6,74
5302,15,6,13,51
5303,13,6,15,45
5304,18,3,13,57
5305,14,10,10,52
5306,16,10,8,58
5307,12,11,11,47
5308,21,7,6,70
5309,16,6,12,54
5310,20,7,7,67
5311,17,5,12,56
5312,17,11,6,62
5313,16,6,12,54
5314,16,10,8,58
5315,14,13,7,55
5316,16,6,12,54
5317,15,6,13,51
5318,14,13,7,55
5319,12,5,17,41
5320,16,7,11,55
5321,20,8,6,68
5322,16,11,7,59
5323,19,10,5,67
5324,15,4,15,49
5325,19,4,11,61
5326,14,7,13,49
5327,20,8,6,68
5328,17,7,10,58
5329,12,9,13,45
5330,20,7,7,67
5331,16,9,9,57
5332,11,10,13,43
5333,17,6,11,57
5334,13,9,12,48
5335,19,6,9,63
5336,13,11,10,50
5337,18,3,13,57
5338,21,6,7,69
5339,18,3,13,57
5340,15,10,9,55
5341,18,7,9,61
5342,14,10,10,52
5343,13,12,9,51
5344,12,12,10,48
5345,16,9,9,57
5346,17,8,9,59
5347,14,9,11,51
5348,15,8,11,53
5349,14,10,10,52
5350,19,7,8,64
5351,18,3,13,57
5352,23,4,7,73
5353,19,6,9,63
5354,16,7,11,55
5355,19,8,7,65
5356,12,9,13,45
5357,21,7,6,70
5358,22,1,11,67
5359,11,6,17,39
5360,18,3,13,57
5361,19,6,9,63
5362,18,6,10,60
5363,21,6,7,69
5364,13,11,10,50
5365,16,10,8,58
5366,18,6,10,60
5367,15,8,11,53
5368,15,3,16,48
5369,15,7,12,52
5370,11,10,13,43
5371,12,9,13,45
5372,17,6,11,57
5373,13,11,10,50
5374,21,9,4,72
5375,13,6,15,45
5376,14,7,13,49
5377,17,6,11,57
5378,13,11,10,50
5379,17,8,9,59
5380,17,7,10,58
5381,17,4,13,55
5382,17,3,14,54
5383,13,9,12,48
5384,21,5,8,68
5385,14,5,15,47
5386,13,8,13,47
5387,17,4,13,55
5388,19,8,7,65
5389,14,7,13,49
5390,20,6,8,66
5391,15,8,11,53
5392,17,7,10,58
5393,17,8,9,59
5394,17,4,13,55
5395,12,11,11,47
5396,18,8,8,62
5397,18,6,10,60
5398,16,6,12,54
5399,16,6,12,54
5400,17,5,12,56
5401,12,12,10,48
5402,16,6,12,54
5403,10,7,17,37
5404,18,7,9,61
5405,22,6,6,72
5406,19,8,7,65
5407,18,8,8,62
5408,16,8,10,56
5409,21,3,10,66
5410,14,12,8,54
5411,17,9,8,60
5412,16,9,9,57
5413,16,9,9,57
5414,17,9,8,60
5415,22,5,7,71
5416,15,8,11,53
5417,19,3,12,60
5418,23,2,9,71
5419,18,5,11,59
5420,14,7,13,49
5421,17,9,8,60
5422,14,7,13,49
5423,13,8,13,47
5424,14,10,10,52
5425,18,3,13,57
5426,20,6,8,66
5427,16,12,6,60
5428,17,5,12,56
5429,12,9,13,45
5430,13,10,11,49
5431,20,6,8,66
5432,12,6,16,42
5433,15,8,11,53
5434,11,9,14,42
5435,17,10,7,61
5436,16,5,13,53
5437,12,9,13,45
5438,13,9,12,48
5439,17,8,9,59
5440,13,10,11,49
5441,16,10,8,58
5442,21,7,6,70
5443,19,6,9,63
5444,18,7,9,61
5445,17,9,8,60
5446,20,7,7,67
5447,14,7,13,49
5448,15,7,12,52
5449,18,7,9,61
5450,16,8,10,56
5451,19,7,8,64
5452,18,5,11,59
5453,13,7,14,46
5454,15,4,15,49
5455,16,8,10,56
5456,20,6,8,66
5457,19,7,8,64
5458,17,6,11,57
5459,16,8,10,56
5460,19,7,8,64
5461,18,8,8,62
5462,17,6,11,57
5463,16,8,10,56
5464,17,6,11,57
5465,13,9,12,48
5466,14,7,13,49
5467,14,2,18,44
5468,12,8,14,44
5469,20,4,10,64
5470,18,6,10,60
5471,21,4,9,67
5472,17,8,9,59
5473,20,4,10,64
5474,17,5,12,56
5475,14,9,11,51
5476,15,9,10,54
5477,14,4,16,46
5478,12,10,12,46
5479,17,8,9,59
5480,13,6,15,45
5481,15,5,14,50
5482,19,8,7,65
5483,12,5,17,41
5484,17,6,11,57
5485,15,6,13,51
5486,17,8,9,59
5487,14,7,13,49
5488,12,10,12,46
5489,18,6,10,60
5490,20,6,8,66
5491,19,8,7,65
5492,16,8,10,56
5493,18,4,12,58
5494,15,9,10,54
5495,17,4,13,55
5496,11,10,13,43
5497,9,12,13,39
5498,17,9,8,60
5499,20,6,8,66
5500,14,8,12,50
5501,13,8,13,47
5502,17,6,11,57
5503,12,10,12,46
5504,18,5,11,59
5505,20,7,7,67
5506,19,4,11,61
5507,15,10,9,55
5508,15,10,9,55
5509,16,6,12,54
5510,20,8,6,68
5511,15,11,8,56
5512,13,7,14,46
5513,10,12,12,42
5514,16,6,12,54
5515,18,7,9,61
5516,20,6,8,66
5517,17,7,10,58
5518,12,9,13,45
5519,16,8,10,56
5520,17,8,9,59
5521,15,6,13,51
5522,14,5,15,47
5523,18,9,7,63
5524,13,12,9,51
5525,14,9,11,51
5526,16,3,15,51
5527,16,5,13,53
5528,14,6,14,48
5529,15,8,11,53
5530,16,5,13,53
5531,16,5,13,53
5532,19,6,9,63
5533,13,7,14,46
5534,15,5,14,50
5535,15,7,12,52
5536,16,6,12,54
5537,18,5,11,59
5538,14,9,11,51
5539,19,6,9,63
5540,19,5,10,62
5541,13,6,15,45
5542,13,9,12,48
5543,21,6,7,69
5544,18,7,9,61
5545,15,7,12,52
5546,17,10,7,61
5547,18,8,8,62
5548,21,1,12,64
5549,17,9,8,60
5550,16,7,11,55
5551,14,6,14,48
5552,15,8,11,53
5553,18,5,11,59
5554,20,4,10,64
5555,23,1,10,70
5556,19,7,8,64
5557,12,6,16,42
5558,14,9,11,51
5559,16,4,14,52
5560,18,8,8,62
5561,18,10,6,64
5562,16,10,8,58
5563,18,6,10,60
5564,16,5,13,53
5565,17,8,9,59
5566,15,6,13,51
5567,12,10,12,46
5568,14,6,14,48
5569,17,6,11,57
5570,16,7,11,55
5571,18,7,9,61
5572,20,5,9,65
5573,19,6,9,63
5574,17,7,10,58
5575,15,7,12,52
5576,16,7,11,55
5577,16,5,13,53
5578,11,6,17,39
5579,19,4,11,61
5580,18,7,9,61
5581,18,6,10,60
5582,16,5,13,53
5583,18,7,9,61
5584,13,7,14,46
5585,15,9,10,54
5586,13,11,10,50
5587,14,6,14,48
5588,13,7,14,46
5589,16,4,14,52
5590,16,10,8,58
5591,17,7,10,58
5592,20,7,7,67
5593,17,4,13,55
5594,21,4,9,67
5595,12,15,7,51
5596,19,5,10,62
5597,11,9,14,42
5598,15,8,11,53
5599,15,13,6,58
5600,17,5,12,56
5601,12,6,16,42
5602,16,9,9,57
5603,16,8,10,56
5604,14,10,10,52
5605,15,9,10,54
5606,20,5,9,65
5607,18,8,8,62
5608,14,5,15,47
5609,19,7,8,64
5610,18,4,12,58
5611,14,4,16,46
5612,18,5,11,59
5613,18,4,12,58
5614,11,9,14,42
5615,19,5,10,62
5616,16,8,10,56
5617,13,6,15,45
5618,12,10,12,46
5619,12,11,11,47
5620,12,11,11,47
5621,11,9,14,42
5622,16,8,10,56
5623,14,5,15,47
5624,19,7,8,64
5625,17,8,9,59
5626,16,6,12,54
5627,20,4,10,64
5628,18,9,7,63
5629,18,7,9,61
5630,17,5,12,56
5631,12,9,13,45
5632,14,8,12,50
5633,18,6,10,60
5634,15,7,12,52
5635,16,6,12,54
5636,12,10,12,46
5637,17,12,5,63
5638,12,9,13,45
5639,17,9,8,60
5640,10,8,16,38
5641,18,6,10,60
5642,25,4,5,79
5643,15,6,13,51
5644,14,5,15,47
5645,13,8,13,47
5646,19,6,9,63
5647,14,10,10,52
5648,18,3,13,57
5649,12,8,14,44
5650,15,4,15,49
5651,17,5,12,56
5652,20,4,10,64
5653,14,6,14,48
5654,15,6,13,51
5655,18,4,12,58
5656,16,5,13,53
5657,19,7,8,64
5658,12,10,12,46
5659,12,5,17,41
5660,20,5,9,65
5661,21,4,9,67
5662,14,5,15,47
5663,16,8,10,56
5664,15,8,11,53
5665,19,4,11,61
5666,15,6,13,51
5667,18,8,8,62
5668,21,6,7,69
5669,18,5,11,59
5670,17,4,13,55
5671,13,11,10,50
5672,19,4,11,61
5673,17,8,9,59
5674,18,7,9,61
5675,17,4,13,55
5676,13,9,12,48
5677,15,5,14,50
5678,17,8,9,59
5679,13,8,13,47
5680,19,5,10,62
5681,19,8,7,65
5682,18,7,9,61
5683,18,8,8,62
5684,15,12,7,57
5685,17,6,11,57
5686,13,9,12,48
5687,19,5,10,62
5688,19,8,7,65
5689,10,9,15,39
5690,14,9,11,51
5691,20,5,9,65
5692,17,6,11,57
5693,16,5,13,53
5694,16,10,8,58
5695,12,7,15,43
5696,12,10,12,46
5697,20,3,11,63
5698,13,9,12,48
5699,16,9,9,57
5700,22,5,7,71
5701,17,7,10,58
5702,16,5,13,53
5703,15,7,12,52
5704,16,9,9,57
5705,19,11,4,68
5706,18,6,10,60
5707,15,6,13,51
5708,19,5,10,62
5709,15,5,14,50
5710,23,2,9,71
5711,16,8,10,56
5712,13,8,13,47
5713,18,5,11,59
5714,14,7,13,49
5715,16,9,9,57
5716,21,8,5,71
5717,19,5,10,62
5718,16,10,8,58
5719,21,3,10,66
5720,12,10,12,46
5721,18,4,12,58
5722,13,8,13,47
5723,19,8,7,65
5724,16,8,10,56
5725,15,7,12,52
5726,15,8,11,53
5727,18,5,11,59
5728,20,5,9,65
5729,13,10,11,49
5730,16,5,13,53
5731,13,6,15,45
5732,17,5,12,56
5733,13,9,12,48
5734,17,3,14,54
5735,16,4,14,52
5736,16,7,11,55
5737,15,9,10,54
5738,16,3,15,51
5739,13,7,14,46
5740,14,7,13,49
5741,16,11,7,59
5742,13,13,8,52
5743,15,7,12,52
5744,17,6,11,57
5745,19,4,11,61
5746,17,4,13,55
5747,14,5,15,47
5748,10,11,13,41
5749,16,7,11,55
5750,15,11,8,56
5751,18,6,10,60
5752,15,9,10,54
5753,14,7,13,49
5754,18,9,7,63
5755,11,11,12,44
5756,15,10,9,55
5757,11,11,12,44
5758,17,6,11,57
5759,21,7,6,70
5760,15,5,14,50
5761,12,9,13,45
5762,13,6,15,45
5763,14,9,11,51
5764,16,6,12,54
5765,13,9,12,48
5766,13,10,11,49
5767,13,9,12,48
5768,14,9,11,51
5769,21,7,6,70
5770,20,6,8,66
5771,18,5,11,59
5772,18,5,11,59
5773,13,7,14,46
5774,16,7,11,55
5775,13,8,13,47
5776,14,10,10,52
5777,17,5,12,56
5778,17,7,10,58
5779,18,4,12,58
5780,11,10,13,43
5781,10,13,11,43
5782,17,8,9,59
5783,14,8,12,50
5784,16,5,13,53
5785,18,6,10,60
5786,15,12,7,57
5787,19,4,11,61
5788,15,5,14,50
5789,13,8,13,47
5790,11,13,10,46
5791,19,4,11,61
5792,17,7,10,58
5793,23,6,5,75
5794,14,13,7,55
5795,12,12,10,48
5796,17,6,11,57
5797,19,5,10,62
5798,13,12,9,51
5799,17,6,11,57
5800,18,6,10,60
5801,13,8,13,47
5802,15,8,11,53
5803,18,5,11,59
5804,15,9,10,54
5805,15,5,14,50
5806,13,7,14,46
5807,14,5,15,47
5808,16,5,13,53
5809,20,6,8,66
5810,15,6,13,51
5811,21,8,5,71
5812,16,8,10,56
5813,18,6,10,60
5814,19,6,9,63
5815,16,9,9,57
5816,20,8,6,68
5817,14,8,12,50
5818,17,6,11,57
5819,18,8,8,62
5820,16,7,11,55
5821,13,7,14,46
5822,14,10,10,52
5823,17,4,13,55
5824,13,6,15,45
5825,14,10,10,52
5826,14,10,10,52
5827,18,6,10,60
5828,15,7,12,52
5829,15,5,14,50
5830,22,1,11,67
5831,16,11,7,59
5832,16,9,9,57
5833,14,5,15,47
5834,18,6,10,60
5835,15,9,10,54
5836,12,7,15,43
5837,12,14,8,50
5838,22,6,6,72
5839,17,7,10,58
5840,15,6,13,51
5841,19,6,9,63
5842,15,13,6,58
5843,16,7,11,55
5844,15,7,12,52
5845,16,11,7,59
5846,15,8,11,53
5847,16,6,12,54
5848,14,11,9,53
5849,14,6,14,48
5850,16,9,9,57
5851,16,7,11,55
5852,16,5,13,53
5853,16,8,10,56
5854,18,6,10,60
5855,18,8,8,62
5856,14,6,14,48
5857,16,7,11,55
5858,20,6,8,66
5859,13,7,14,46
5860,18,5,11,59
5861,16,11,7,59
5862,22,4,8,70
5863,17,7,10,58
5864,13,7,14,46
5865,18,4,12,58
5866,19,5,10,62
5867,13,10,11,49
5868,16,8,10,56
5869,18,4,12,58
5870,10,12,12,42
5871,16,6,12,54
5872,10,14,10,44
5873,12,7,15,43
5874,17,3,14,54
5875,14,12,8,54
5876,16,8,10,56
5877,17,5,12,56
5878,14,11,9,53
5879,16,9,9,57
5880,17,6,11,57
5881,15,11,8,56
5882,15,7,12,52
5883,19,3,12,60
5884,16,3,15,51
5885,18,6,10,60
5886,23,5,6,74
5887,21,5,8,68
5888,21,5,8,68
5889,12,10,12,46
5890,14,9,11,51
5891,16,13,5,61
5892,15,5,14,50
5893,14,4,16,46
5894,14,6,14,48
5895,15,8,11,53
5896,17,8,9,59
5897,19,6,9,63
5898,13,9,12,48
5899,13,9,12,48
5900,15,6,13,51
5901,14,7,13,49
5902,18,5,11,59
5903,16,7,11,55
5904,13,8,13,47
5905,15,10,9,55
5906,16,6,12,54
5907,13,7,14,46
5908,14,7,13,49
5909,19,4,11,61
5910,18,8,8,62
5911,16,7,11,55
5912,16,10,8,58
5913,19,8,7,65
5914,13,9,12,48
5915,19,2,13,59
5916,16,9,9,57
5917,15,12,7,57
5918,11,11,12,44
5919,15,8,11,53
5920,15,9,10,54
5921,16,9,9,57
5922,13,5,16,44
5923,24,2,8,74
5924,16,9,9,57
5925,14,7,13,49
5926,14,3,17,45
5927,14,12,8,54
5928,14,5,15,47
5929,16,8,10,56
5930,12,9,13,45
5931,18,9,7,63
5932,13,5,16,44
5933,10,10,14,40
5934,19,6,9,63
5935,21,5,8,68
5936,10,7,17,37
5937,15,8,11,53
5938,18,5,11,59
5939,19,5,10,62
5940,13,7,14,46
5941,19,7,8,64
5942,16,11,7,59
5943,18,7,9,61
5944,22,5,7,71
5945,14,5,15,47
5946,16,9,9,57
5947,15,5,14,50
5948,14,6,14,48
5949,18,6,10,60
5950,20,6,8,66
5951,17,7,10,58
5952,15,7,12,52
5953,14,7,13,49
5954,19,4,11,61
5955,18,4,12,58
5956,12,9,13,45
5957,14,11,9,53
5958,16,4,14,52
5959,16,5,13,53
5960,11,12,11,45
5961,20,6,8,66
5962,19,7,8,64
5963,13,9,12,48
5964,13,10,11,49
5965,19,7,8,64
5966,18,9,7,63
5967,18,10,6,64
5968,13,7,14,46
5969,17,5,12,56
5970,14,7,13,49
5971,12,7,15,43
5972,15,9,10,54
5973,21,6,7,69
5974,15,6,13,51
5975,13,6,15,45
5976,18,5,11,59
5977,15,10,9,55
5978,11,12,11,45
5979,16,9,9,57
5980,18,9,7,63
5981,14,11,9,53
5982,18,6,10,60
5983,17,10,7,61
5984,15,5,14,50
5985,23,7,4,76
5986,16,8,10,56
5987,15,8,11,53
5988,16,6,12,54
5989,21,7,6,70
5990,14,10,10,52
5991,20,6,8,66
5992,15,3,16,48
5993,13,8,13,47
5994,16,11,7,59
5995,19,2,13,59
5996,15,6,13,51
5997,19,7,8,64
5998,13,9,12,48
5999,14,3,17,45
6000,16,5,13,53
6001,15,9,10,54
6002,14,7,13,49
6003,20,9,5,69
6004,20,9,5,69
6005,17,8,9,59
6006,14,7,13,49
6007,17,5,12,56
6008,13,9,12,48
6009,14,7,13,49
6010,14,10,10,52
6011,20,5,9,65
6012,12,8,14,44
6013,18,9,7,63
6014,15,8,11,53
6015,17,7,10,58
6016,18,5,11,59
6017,20,3,11,63
6018,13,7,14,46
6019,19,4,11,61
6020,12,9,13,45
6021,17,6,11,57
6022,17,6,11,57
6023,19,5,10,62
6024,18,4,12,58
6025,19,4,11,61
6026,14,5,15,47
6027,19,5,10,62
6028,17,8,9,59
6029,17,4,13,55
6030,23,1,10,70
6031,17,5,12,56
6032,14,8,12,50
6033,17,10,7,61
6034,18,5,11,59
6035,20,8,6,68
6036,11,8,15,41
6037,16,6,12,54
6038,15,8,11,53
6039,13,13,8,52
6040,15,8,11,53
6041,17,9,8,60
6042,15,7,12,52
6043,15,11,8,56
6044,17,10,7,61
6045,11,7,16,40
6046,17,7,10,58
6047,21,3,10,66
6048,13,7,14,46
6049,12,10,12,46
6050,19,8,7,65
6051,12,11,11,47
6052,13,9,12,48
6053,17,7,10,58
6054,18,10,6,64
6055,16,6,12,54
6056,19,5,10,62
6057,16,9,9,57
6058,18,7,9,61
6059,11,16,7,49
6060,17,6,11,57
6061,18,7,9,61
6062,18,9,7,63
6063,17,7,10,58
6064,19,6,9,63
6065,17,7,10,58
6066,15,7,12,52
6067,19,6,9,63
6068,16,10,8,58
6069,19,8,7,65
6070,20,5,9,65
6071,17,5,12,56
6072,16,6,12,54
6073,18,6,10,60
6074,17,6,11,57
6075,12,12,10,48
6076,15,6,13,51
6077,13,9,12,48
6078,16,14,4,62
6079,10,8,16,38
6080,19,6,9,63
6081,11,13,10,46
6082,16,8,10,56
6083,16,7,11,55
6084,13,8,13,47
6085,17,6,11,57
6086,19,4,11,61
6087,13,11,10,50
6088,17,6,11,57
6089,16,5,13,53
6090,18,8,8,62
6091,18,10,6,64
6092,20,6,8,66
6093,20,4,10,64
6094,16,7,11,55
6095,17,12,5,63
6096,12,10,12,46
6097,17,9,8,60
6098,17,9,8,60
6099,18,6,10,60
6100,19,8,7,65
6101,16,10,8,58
6102,13,10,11,49
6103,14,10,10,52
6104,20,7,7,67
6105,17,6,11,57
6106,18,4,12,58
6107,15,6,13,51
6108,11,10,13,43
6109,16,9,9,57
6110,22,7,5,73
6111,19,3,12,60
6112,18,4,12,58
6113,17,6,11,57
6114,17,9,8,60
6115,18,9,7,63
6116,17,5,12,56
6117,12,11,11,47
6118,18,6,10,60
6119,14,8,12,50
6120,18,7,9,61
6121,20,4,10,64
6122,19,4,11,61
6123,22,5,7,71
6124,15,5,14,50
6125,17,5,12,56
6126,14,7,13,49
6127,17,8,9,59
6128,14,7,13,49
6129,15,9,10,54
6130,10,11,13,41
6131,16,8,10,56
6132,14,9,11,51
6133,16,9,9,57
6134,18,7,9,61
6135,20,5,9,65
6136,19,10,5,67
6137,21,8,5,71
6138,15,5,14,50
6139,21,7,6,70
6140,17,8,9,59
6141,14,6,14,48
6142,12,13,9,49
6143,17,6,11,57
6144,16,5,13,53
6145,17,3,14,54
6146,15,10,9,55
6147,12,6,16,42
6148,14,10,10,52
6149,17,8,9,59
6150,18,11,5,65
6151,15,6,13,51
6152,18,9,7,63
6153,19,6,9,63
6154,18,1,15,55
6155,19,6,9,63
6156,14,9,11,51
6157,17,7,10,58
6158,16,7,11,55
6159,18,3,13,57
6160,17,7,10,58
6161,15,7,12,52
6162,14,8,12,50
6163,16,7,11,55
6164,18,8,8,62
6165,18,5,11,59
6166,17,4,13,55
6167,16,5,13,53
6168,14,9,11,51
6169,20,6,8,66
6170,15,9,10,54
6171,17,9,8,60
6172,17,10,7,61
6173,12,10,12,46
6174,12,13,9,49
6175,19,5,10,62
6176,15,7,12,52
6177,20,5,9,65
6178,15,2,17,47
6179,14,10,10,52
6180,20,5,9,65
6181,15,9,10,54
6182,18,8,8,62
6183,12,8,14,44
6184,12,11,11,47
6185,24,5,5,77
6186,20,8,6,68
6187,14,9,11,51
6188,14,7,13,49
6189,18,5,11,59
6190,15,7,12,52
6191,20,3,11,63
6192,18,8,8,62
6193,12,6,16,42
6194,11,5,18,38
6195,15,9,10,54
6196,14,4,16,46
6197,20,2,12,62
6198,14,7,13,49
6199,15,5,14,50
6200,18,11,5,65
6201,16,9,9,57
6202,20,6,8,66
6203,19,4,11,61
6204,16,8,10,56
6205,16,6,12,54
6206,20,6,8,66
6207,9,9,16,36
6208,17,9,8,60
6209,16,3,15,51
6210,17,10,7,61
6211,17,5,12,56
6212,14,12,8,54
6213,18,8,8,62
6214,20,0,14,60
6215,17,4,13,55
6216,20,4,10,64
6217,16,7,11,55
6218,19,6,9,63
6219,12,10,12,46
6220,13,12,9,51
6221,19,5,10,62
6222,17,4,13,55
6223,16,7,11,55
6224,19,6,9,63
6225,18,9,7,63
6226,14,12,8,54
6227,17,8,9,59
6228,17,5,12,56
6229,11,5,18,38
6230,21,5,8,68
6231,13,8,13,47
6232,13,10,11,49
6233,15,8,11,53
6234,15,8,11,53
6235,17,6,11,57
6236,17,7,10,58
6237,17,4,13,55
6238,17,8,9,59
6239,12,11,11,47
6240,14,13,7,55
6241,16,5,13,53
6242,14,7,13,49
6243,17,5,12,56
6244,16,7,11,55
6245,13,9,12,48
6246,19,6,9,63
6247,15,11,8,56
6248,14,12,8,54
6249,18,5,11,59
6250,17,7,10,58
6251,16,6,12,54
6252,18,10,6,64
6253,16,4,14,52
6254,18,7,9,61
6255,18,3,13,57
6256,10,10,14,40
6257,15,7,12,52
6258,20,7,7,67
6259,12,7,15,43
6260,20,6,8,66
6261,15,11,8,56
6262,18,6,10,60
6263,18,5,11,59
6264,15,9,10,54
6265,19,9,6,66
6266,18,6,10,60
6267,14,8,12,50
6268,17,7,10,58
6269,15,7,12,52
6270,14,8,12,50
6271,18,11,5,65
6272,19,6,9,63
6273,14,8,12,50
6274,16,8,10,56
6275,19,5,10,62
6276,12,6,16,42
6277,19,8,7,65
6278,16,6,12,54
6279,19,5,10,62
6280,18,7,9,61
6281,15,5,14,50
6282,16,9,9,57
6283,12,10,12,46
6284,20,8,6,68
6285,14,10,10,52
6286,13,6,15,45
6287,16,11,7,59
6288,18,5,11,59
6289,16,9,9,57
6290,21,5,8,68
6291,16,7,11,55
6292,14,7,13,49
6293,11,13,10,46
6294,18,9,7,63
6295,18,7,9,61
6296,15,11,8,56
6297,17,9,8,60
6298,17,5,12,56
6299,12,9,13,45
6300,17,4,13,55
6301,19,4,11,61
6302,12,9,13,45
6303,15,5,14,50
6304,17,9,8,60
6305,15,9,10,54
6306,14,9,11,51
6307,19,9,6,66
6308,10,8,16,38
6309,16,6,12,54
6310,18,8,8,62
6311,16,8,10,56
6312,16,12,6,60
6313,20,9,5,69
6314,15,9,10,54
6315,16,4,14,52
6316,17,8,9,59
6317,18,9,7,63
6318,17,8,9,59
6319,16,6,12,54
6320,15,8,11,53
6321,14,4,16,46
6322,15,6,13,51
6323,14,7,13,49
6324,14,7,13,49
6325,12,4,18,40
6326,12,9,13,45
6327,21,5,8,68
6328,16,7,11,55
6329,8,14,12,38
6330,13,8,13,47
6331,18,8,8,62
6332,17,4,13,55
6333,13,11,10,50
6334,18,5,11,59
6335,13,10,11,49
6336,20,4,10,64
6337,16,5,13,53
6338,15,8,11,53
6339,15,9,10,54
6340,21,6,7,69
6341,17,8,9,59
6342,19,5,10,62
6343,15,7,12,52
6344,15,9,10,54
6345,16,2,16,50
6346,15,9,10,54
6347,20,7,7,67
6348,20,6,8,66
6349,17,9,8,60
6350,16,4,14,52
6351,15,11,8,56
6352,18,6,10,60
6353,14,7,13,49
6354,14,4,16,46
6355,17,7,10,58
6356,13,12,9,51
6357,23,4,7,73
6358,17,7,10,58
6359,19,5,10,62
6360,19,7,8,64
6361,12,10,12,46
6362,16,8,10,56
6363,17,8,9,59
6364,14,10,10,52
6365,14,3,17,45
6366,17,9,8,60
6367,14,12,8,54
6368,17,8,9,59
6369,16,6,12,54
6370,13,7,14,46
6371,20,6,8,66
6372,19,6,9,63
6373,11,12,11,45
6374,15,6,13,51
6375,16,10,8,58
6376,17,5,12,56
6377,14,9,11,51
6378,14,9,11,51
6379,16,10,8,58
6380,18,5,11,59
6381,13,8,13,47
6382,17,5,12,56
6383,17,6,11,57
6384,19,3,12,60
6385,21,5,8,68
6386,15,11,8,56
6387,14,6,14,48
6388,17,6,11,57
6389,15,10,9,55
6390,14,9,11,51
6391,18,5,11,59
6392,16,6,12,54
6393,15,9,10,54
6394,15,9,10,54
6395,20,5,9,65
6396,15,9,10,54
6397,13,10,11,49
6398,12,9,13,45
6399,19,6,9,63
6400,16,6,12,54
6401,19,8,7,65
6402,19,8,7,65
6403,15,5,14,50
6404,14,8,12,50
6405,26,6,2,84
6406,13,8,13,47
6407,15,7,12,52
6408,15,6,13,51
6409,20,5,9,65
6410,14,9,11,51
6411,14,9,11,51
6412,18,5,11,59
6413,15,8,11,53
6414,19,4,11,61
6415,13,12,9,51
6416,18,8,8,62
6417,17,7,10,58
6418,17,9,8,60
6419,16,8,10,56
6420,19,6,9,63
6421,18,5,11,59
6422,13,6,15,45
6423,13,7,14,46
6424,16,8,10,56
6425,17,5,12,56
6426,12,9,13,45
6427,19,6,9,63
6428,15,12,7,57
6429,17,6,11,57
6430,17,6,11,57
6431,15,8,11,53
6432,16,5,13,53
6433,20,6,8,66
6434,17,9,8,60
6435,21,8,5,71
6436,14,6,14,48
6437,11,11,12,44
6438,12,9,13,45
6439,19,3,12,60
6440,17,4,13,55
6441,14,8,12,50
6442,16,7,11,55
6443,18,9,7,63
6444,15,13,6,58
6445,12,6,16,42
6446,14,12,8,54
6447,19,7,8,64
6448,17,8,9,59
6449,14,6,14,48
6450,14,5,15,47
6451,16,5,13,53
6452,19,3,12,60
6453,15,9,10,54
6454,12,9,13,45
6455,18,6,10,60
6456,18,6,10,60
6457,17,6,11,57
6458,16,3,15,51
6459,15,9,10,54
6460,16,7,11,55
6461,17,5,12,56
6462,15,8,11,53
6463,11,6,17,39
6464,12,8,14,44
6465,20,8,6,68
6466,16,8,10,56
6467,17,11,6,62
6468,15,9,10,54
6469,18,5,11,59
6470,22,7,5,73
6471,16,6,12,54
6472,15,7,12,52
6473,14,7,13,49
6474,18,5,11,59
6475,17,7,10,58
6476,12,8,14,44
6477,13,10,11,49
6478,17,9,8,60
6479,18,5,11,59
6480,21,4,9,67
6481,14,5,15,47
6482,16,8,10,56
6483,14,5,15,47
6484,13,10,11,49
6485,15,11,8,56
6486,19,9,6,66
6487,15,4,15,49
6488,8,9,17,33
6489,11,9,14,42
6490,18,6,10,60
6491,16,6,12,54
6492,10,11,13,41
6493,15,10,9,55
6494,21,5,8,68
6495,17,4,13,55
6496,18,6,10,60
6497,16,9,9,57
6498,13,12,9,51
6499,17,7,10,58
6500,16,4,14,52
6501,17,7,10,58
6502,19,7,8,64
6503,19,3,12,60
6504,15,7,12,52
6505,19,3,12,60
6506,14,5,15,47
6507,15,11,8,56
6508,16,8,10,56
6509,20,5,9,65
6510,18,6,10,60
6511,17,6,11,57
6512,15,11,8,56
6513,16,3,15,51
6514,15,3,16,48
6515,14,7,13,49
6516,15,7,12,52
6517,16,4,14,52
6518,14,5,15,47
6519,20,10,4,70
6520,16,7,11,55
6521,10,11,13,41
6522,17,7,10,58
6523,15,7,12,52
6524,14,8,12,50
6525,10,12,12,42
6526,17,5,12,56
6527,14,9,11,51
6528,13,10,11,49
6529,16,6,12,54
6530,14,7,13,49
6531,15,5,14,50
6532,24,9,1,81
6533,16,7,11,55
6534,19,9,6,66
6535,16,6,12,54
6536,16,10,8,58
6537,16,11,7,59
6538,13,9,12,48
6539,13,10,11,49
6540,12,8,14,44
6541,21,7,6,70
6542,21,5,8,68
6543,22,5,7,71
6544,17,7,10,58
6545,12,5,17,41
6546,15,7,12,52
6547,11,14,9,47
6548,14,7,13,49
6549,9,10,15,37
6550,21,7,6,70
6551,14,7,13,49
6552,17,8,9,59
6553,22,6,6,72
6554,21,5,8,68
6555,17,6,11,57
6556,14,9,11,51
6557,17,8,9,59
6558,15,12,7,57
6559,19,5,10,62
6560,17,5,12,56
6561,19,4,11,61
6562,18,8,8,62
6563,20,2,12,62
6564,16,7,11,55
6565,15,10,9,55
6566,15,11,8,56
6567,17,5,12,56
6568,16,7,11,55
6569,17,8,9,59
6570,19,5,10,62
6571,20,5,9,65
6572,17,6,11,57
6573,16,7,11,55
6574,16,11,7,59
6575,15,10,9,55
6576,20,4,10,64
6577,15,9,10,54
6578,18,8,8,62
6579,18,2,14,56
6580,21,2,11,65
6581,21,6,7,69
6582,16,10,8,58
6583,16,10,8,58
6584,17,6,11,57
6585,13,10,11,49
6586,13,6,15,45
6587,16,8,10,56
6588,18,1,15,55
6589,14,6,14,48
6590,12,6,16,42
6591,18,8,8,62
6592,17,4,13,55
6593,14,8,12,50
6594,19,5,10,62
6595,14,6,14,48
6596,15,7,12,52
6597,17,8,9,59
6598,17,10,7,61
6599,23,3,8,72
6600,19,9,6,66
6601,15,8,11,53
6602,16,7,11,55
6603,16,9,9,57
6604,18,6,10,60
6605,17,6,11,57
6606,12,9,13,45
6607,18,4,12,58
6608,18,6,10,60
6609,16,6,12,54
6610,11,12,11,45
6611,16,4,14,52
6612,12,10,12,46
6613,14,8,12,50
6614,16,6,12,54
6615,15,10,9,55
6616,15,9,10,54
6617,19,5,10,62
6618,20,6,8,66
6619,16,11,7,59
6620,21,3,10,66
6621,17,9,8,60
6622,16,2,16,50
6623,16,10,8,58
6624,16,4,14,52
6625,15,9,10,54
6626,18,5,11,59
6627,18,7,9,61
6628,19,5,10,62
6629,15,9,10,54
6630,17,8,9,59
6631,17,6,11,57
6632,13,6,15,45
6633,10,11,13,41
6634,13,10,11,49
6635,10,15,9,45
6636,16,10,8,58
6637,13,12,9,51
6638,17,5,12,56
6639,12,12,10,48
6640,19,4,11,61
6641,14,10,10,52
6642,14,10,10,52
6643,20,5,9,65
6644,16,7,11,55
6645,18,7,9,61
6646,16,11,7,59
6647,22,6,6,72
6648,11,13,10,46
6649,13,10,11,49
6650,18,8,8,62
6651,20,6,8,66
6652,15,9,10,54
6653,16,5,13,53
6654,16,7,11,55
6655,13,8,13,47
6656,18,6,10,60
6657,20,10,4,70
6658,13,15,6,54
6659,15,7,12,52
6660,18,9,7,63
6661,13,11,10,50
6662,19,6,9,63
6663,12,5,17,41
6664,17,6,11,57
6665,15,6,13,51
6666,12,10,12,46
6667,14,8,12,50
6668,15,8,11,53
6669,11,12,11,45
6670,16,7,11,55
6671,17,5,12,56
6672,15,10,9,55
6673,9,10,15,37
6674,13,8,13,47
6675,16,10,8,58
6676,17,10,7,61
6677,9,10,15,37
6678,19,6,9,63
6679,17,6,11,57
6680,17,8,9,59
6681,14,9,11,51
6682,19,8,7,65
6683,18,2,14,56
6684,17,8,9,59
6685,16,7,11,55
6686,15,8,11,53
6687,18,6,10,60
6688,19,7,8,64
6689,14,6,14,48
6690,18,8,8,62
6691,17,5,12,56
6692,14,7,13,49
6693,20,4,10,64
6694,14,8,12,50
6695,12,10,12,46
6696,8,14,12,38
6697,13,10,11,49
6698,13,7,14,46
6699,18,9,7,63
6700,20,5,9,65
6701,16,9,9,57
6702,13,12,9,51
6703,16,4,14,52
6704,16,10,8,58
6705,19,7,8,64
6706,19,7,8,64
6707,19,4,11,61
6708,16,5,13,53
6709,15,10,9,55
6710,17,8,9,59
6711,23,6,5,75
6712,16,8,10,56
6713,15,7,12,52
6714,16,7,11,55
6715,24,4,6,76
6716,18,7,9,61
6717,13,10,11,49
6718,14,6,14,48
6719,15,5,14,50
6720,15,11,8,56
6721,19,7,8,64
6722,14,7,13,49
6723,16,3,15,51
6724,14,4,16,46
6725,15,6,13,51
6726,15,7,12,52
6727,14,5,15,47
6728,18,8,8,62
6729,15,6,13,51
6730,15,7,12,52
6731,15,5,14,50
6732,14,9,11,51
6733,18,4,12,58
6734,14,13,7,55
6735,19,5,10,62
6736,15,8,11,53
6737,16,9,9,57
6738,21,3,10,66
6739,16,7,11,55
6740,12,14,8,50
6741,21,6,7,69
6742,14,7,13,49
6743,19,6,9,63
6744,19,6,9,63
6745,15,10,9,55
6746,20,6,8,66
6747,17,6,11,57
6748,16,7,11,55
6749,14,11,9,53
6750,19,8,7,65
6751,18,5,11,59
6752,21,5,8,68
6753,18,9,7,63
6754,18,5,11,59
6755,20,4,10,64
6756,16,8,10,56
6757,18,5,11,59
6758,10,10,14,40
6759,20,5,9,65
6760,13,11,10,50
6761,19,8,7,65
6762,16,7,11,55
6763,19,7,8,64
6764,18,8,8,62
6765,14,8,12,50
6766,21,8,5,71
6767,13,8,13,47
6768,19,5,10,62
6769,16,5,13,53
6770,12,8,14,44
6771,12,10,12,46
6772,17,8,9,59
6773,18,7,9,61
6774,19,4,11,61
6775,18,9,7,63
6776,19,8,7,65
6777,13,12,9,51
6778,22,6,6,72
6779,22,4,8,70
6780,19,7,8,64
6781,16,5,13,53
6782,21,4,9,67
6783,16,12,6,60
6784,15,8,11,53
6785,14,10,10,52
6786,18,9,7,63
6787,20,7,7,67
6788,13,9,12,48
6789,18,4,12,58
6790,17,6,11,57
6791,19,8,7,65
6792,10,13,11,43
6793,14,10,10,52
6794,15,6,13,51
6795,14,5,15,47
6796,18,9,7,63
6797,17,4,13,55
6798,23,5,6,74
6799,22,2,10,68
6800,14,6,14,48
6801,18,6,10,60
6802,16,9,9,57
6803,18,8,8,62
6804,17,9,8,60
6805,17,8,9,59
6806,19,8,7,65
6807,18,11,5,65
6808,17,5,12,56
6809,13,9,12,48
6810,19,4,11,61
6811,13,6,15,45
6812,15,5,14,50
6813,12,9,13,45
6814,17,5,12,56
6815,16,8,10,56
6816,21,4,9,67
6817,16,4,14,52
6818,14,7,13,49
6819,17,9,8,60
6820,17,7,10,58
6821,17,7,10,58
6822,15,6,13,51
6823,18,5,11,59
6824,17,7,10,58
6825,15,5,14,50
6826,21,5,8,68
6827,21,3,10,66
6828,16,11,7,59
6829,19,6,9,63
6830,15,10,9,55
6831,19,8,7,65
6832,12,15,7,51
6833,11,11,12,44
6834,16,6,12,54
6835,14,10,10,52
6836,13,10,11,49
6837,18,6,10,60
6838,13,12,9,51
6839,14,8,12,50
6840,18,6,10,60
6841,13,7,14,46
6842,20,6,8,66
6843,15,8,11,53
6844,16,4,14,52
6845,14,6,14,48
6846,18,5,11,59
6847,15,4,15,49
6848,22,7,5,73
6849,15,8,11,53
6850,15,8,11,53
6851,15,7,12,52
6852,14,6,14,48
6853,18,7,9,61
6854,16,5,13,53
6855,15,5,14,50
6856,12,7,15,43
6857,21,6,7,69
6858,15,4,15,49
6859,11,10,13,43
6860,14,7,13,49
6861,14,6,14,48
6862,11,9,14,42
6863,17,7,10,58
6864,14,12,8,54
6865,18,4,12,58
6866,20,5,9,65
6867,14,6,14,48
6868,13,8,13,47
6869,18,6,10,60
6870,18,9,7,63
6871,18,7,9,61
6872,15,11,8,56
6873,17,6,11,57
6874,15,9,10,54
6875,13,5,16,44
6876,18,9,7,63
6877,13,7,14,46
6878,18,7,9,61
6879,15,5,14,50
6880,21,4,9,67
6881,15,2,17,47
6882,17,4,13,55
6883,15,10,9,55
6884,11,7,16,40
6885,14,10,10,52
6886,17,4,13,55
6887,23,2,9,71
6888,12,6,16,42
6889,16,5,13,53
6890,14,8,12,50
6891,12,9,13,45
6892,14,10,10,52
6893,15,9,10,54
6894,14,11,9,53
6895,16,8,10,56
6896,15,10,9,55
6897,16,6,12,54
6898,16,7,11,55
6899,14,1,19,43
6900,19,9,6,66
6901,19,11,4,68
6902,18,10,6,64
6903,14,9,11,51
6904,22,5,7,71
6905,16,8,10,56
6906,15,6,13,51
6907,16,6,12,54
6908,14,5,15,47
6909,12,17,5,53
6910,18,6,10,60
6911,19,6,9,63
6912,16,4,14,52
6913,14,7,13,49
6914,16,10,8,58
6915,14,10,10,52
6916,19,6,9,63
6917,17,4,13,55
6918,16,6,12,54
6919,13,8,13,47
6920,12,8,14,44
6921,18,7,9,61
6922,19,7,8,64
6923,18,8,8,62
6924,17,7,10,58
6925,16,8,10,56
6926,20,6,8,66
6927,15,8,11,53
6928,17,11,6,62
6929,11,5,18,38
6930,18,10,6,64
6931,16,8,10,56
6932,17,5,12,56
6933,16,7,11,55
6934,15,7,12,52
6935,22,4,8,70
6936,12,11,11,47
6937,16,4,14,52
6938,16,8,10,56
6939,9,10,15,37
6940,15,7,12,52
6941,14,11,9,53
6942,14,11,9,53
6943,13,7,14,46
6944,14,6,14,48
6945,15,10,9,55
6946,21,3,10,66
6947,16,8,10,56
6948,13,8,13,47
6949,13,10,11,49
6950,17,8,9,59
6951,21,4,9,67
6952,15,4,15,49
6953,12,9,13,45
6954,16,6,12,54
6955,15,7,12,52
6956,15,9,10,54
6957,12,6,16,42
6958,19,4,11,61
6959,17,9,8,60
6960,20,5,9,65
6961,14,8,12,50
6962,18,5,11,59
6963,20,6,8,66
6964,17,9,8,60
6965,20,5,9,65
6966,17,10,7,61
6967,12,12,10,48
6968,16,10,8,58
6969,16,6,12,54
6970,17,8,9,59
6971,25,3,6,78
6972,20,3,11,63
6973,15,8,11,53
6974,16,10,8,58
6975,16,5,13,53
6976,18,6,10,60
6977,14,9,11,51
6978,19,6,9,63
6979,16,7,11,55
6980,19,3,12,60
6981,14,6,14,48
6982,17,6,11,57
6983,14,11,9,53
6984,22,7,5,73
6985,21,4,9,67
6986,19,4,11,61
6987,11,11,12,44
6988,13,9,12,48
6989,14,10,10,52
6990,18,7,9,61
6991,15,4,15,49
6992,11,8,15,41
6993,15,7,12,52
6994,13,8,13,47
6995,17,6,11,57
6996,20,4,10,64
6997,16,7,11,55
6998,19,3,12,60
6999,18,8,8,62
7000,19,6,9,63
7001,18,5,11,59
7002,21,2,11,65
7003,14,5,15,47
7004,20,4,10,64
7005,17,8,9,59
7006,17,7,10,58
7007,19,9,6,66
7008,16,8,10,56
7009,12,7,15,43
7010,17,4,13,55
7011,14,6,14,48
7012,14,8,12,50
7013,14,9,11,51
7014,19,5,10,62
7015,12,9,13,45
7016,12,10,12,46
7017,15,5,14,50
7018,16,10,8,58
7019,13,12,9,51
7020,21,6,7,69
7021,20,5,9,65
7022,15,9,10,54
7023,17,9,8,60
7024,18,8,8,62
7025,10,11,13,41
7026,20,4,10,64
7027,15,8,11,53
7028,20,4,10,64
7029,15,9,10,54
7030,14,10,10,52
7031,18,6,10,60
7032,19,3,12,60
7033,18,9,7,63
7034,15,10,9,55
7035,17,9,8,60
7036,13,4,17,43
7037,17,8,9,59
7038,15,4,15,49
7039,17,6,11,57
7040,17,6,11,57
7041,16,5,13,53
7042,13,4,17,43
7043,13,10,11,49
7044,19,5,10,62
7045,17,6,11,57
7046,11,7,16,40
7047,14,8,12,50
7048,23,3,8,72
7049,20,5,9,65
7050,18,6,10,60
7051,17,6,11,57
7052,19,10,5,67
7053,22,4,8,70
7054,13,6,15,45
7055,15,6,13,51
7056,12,12,10,48
7057,16,5,13,53
7058,16,8,10,56
7059,17,4,13,55
7060,18,9,7,63
7061,13,9,12,48
7062,20,5,9,65
7063,17,7,10,58
7064,14,10,10,52
7065,19,5,10,62
7066,17,7,10,58
7067,17,7,10,58
7068,16,4,14,52
7069,18,6,10,60
7070,16,8,10,56
7071,14,8,12,50
7072,12,11,11,47
7073,23,4,7,73
7074,16,5,13,53
7075,12,12,10,48
7076,12,6,16,42
7077,16,5,13,53
7078,15,10,9,55
7079,21,6,7,69
7080,21,4,9,67
7081,20,5,9,65
7082,16,5,13,53
7083,16,5,13,53
7084,22,3,9,69
7085,17,6,11,57
7086,11,11,12,44
7087,14,9,11,51
7088,18,5,11,59
7089,19,8,7,65
7090,18,9,7,63
7091,18,9,7,63
7092,19,7,8,64
7093,9,7,18,34
7094,18,4,12,58
7095,12,12,10,48
7096,19,6,9,63
7097,16,9,9,57
7098,10,10,14,40
7099,13,13,8,52
7100,15,9,10,54
7101,17,7,10,58
7102,18,8,8,62
7103,22,5,7,71
7104,20,7,7,67
7105,20,5,9,65
7106,20,2,12,62
7107,15,8,11,53
7108,13,8,13,47
7109,16,10,8,58
7110,23,4,7,73
7111,13,11,10,50
7112,15,7,12,52
7113,20,9,5,69
7114,18,3,13,57
7115,20,9,5,69
7116,17,10,7,61
7117,18,4,12,58
7118,16,8,10,56
7119,17,9,8,60
7120,14,10,10,52
7121,18,8,8,62
7122,15,6,13,51
7123,11,9,14,42
7124,18,5,11,59
7125,18,5,11,59
7126,17,6,11,57
7127,19,6,9,63
7128,13,10,11,49
7129,18,5,11,59
7130,18,8,8,62
7131,16,7,11,55
7132,20,4,10,64
7133,19,6,9,63
7134,15,12,7,57
7135,12,9,13,45
7136,15,7,12,52
7137,17,6,11,57
7138,15,6,13,51
7139,17,5,12,56
7140,12,11,11,47
7141,17,6,11,57
7142,18,5,11,59
7143,19,11,4,68
7144,16,4,14,52
7145,16,7,11,55
7146,11,12,11,45
7147,16,7,11,55
7148,11,9,14,42
7149,16,7,11,55
7150,17,8,9,59
7151,18,4,12,58
7152,16,8,10,56
7153,12,9,13,45
7154,15,10,9,55
7155,12,9,13,45
7156,18,12,4,66
7157,17,8,9,59
7158,17,4,13,55
7159,16,8,10,56
7160,16,8,10,56
7161,15,8,11,53
7162,20,7,7,67
7163,13,9,12,48
7164,17,11,6,62
7165,19,5,10,62
7166,11,8,15,41
7167,20,3,11,63
7168,21,8,5,71
7169,15,8,11,53
7170,10,10,14,40
7171,19,5,10,62
7172,23,4,7,73
7173,16,8,10,56
7174,20,6,8,66
7175,16,7,11,55
7176,17,5,12,56
7177,20,5,9,65
7178,16,11,7,59
7179,17,7,10,58
7180,17,9,8,60
7181,22,8,4,74
7182,14,7,13,49
7183,20,7,7,67
7184,16,9,9,57
7185,15,6,13,51
7186,17,7,10,58
7187,16,6,12,54
7188,13,11,10,50
7189,13,6,15,45
7190,15,10,9,55
7191,12,11,11,47
7192,16,10,8,58
7193,15,10,9,55
7194,17,9,8,60
7195,16,4,14,52
7196,10,11,13,41
7197,17,2,15,53
7198,14,6,14,48
7199,15,6,13,51
7200,20,5,9,65
7201,16,7,11,55
7202,16,13,5,61
7203,19,3,12,60
7204,12,6,16,42
7205,17,6,11,57
7206,14,10,10,52
7207,17,8,9,59
7208,16,8,10,56
7209,18,4,12,58
7210,19,6,9,63
7211,15,4,15,49
7212,18,7,9,61
7213,15,7,12,52
7214,20,6,8,66
7215,17,8,9,59
7216,13,10,11,49
7217,16,9,9,57
7218,18,6,10,60
7219,17,10,7,61
7220,20,6,8,66
7221,18,6,10,60
7222,18,7,9,61
7223,17,6,11,57
7224,15,6,13,51
7225,14,5,15,47
7226,11,7,16,40
7227,19,4,11,61
7228,11,11,12,44
7229,14,9,11,51
7230,20,6,8,66
7231,18,4,12,58
7232,17,8,9,59
7233,12,7,15,43
7234,16,4,14,52
7235,22,4,8,70
7236,17,9,8,60
7237,19,5,10,62
7238,17,4,13,55
7239,17,10,7,61
7240,12,11,11,47
7241,18,7,9,61
7242,15,10,9,55
7243,17,9,8,60
7244,11,10,13,43
7245,15,8,11,53
7246,14,11,9,53
7247,16,6,12,54
7248,16,6,12,54
7249,12,8,14,44
7250,16,8,10,56
7251,12,11,11,47
7252,12,9,13,45
7253,17,5,12,56
7254,14,11,9,53
7255,17,6,11,57
7256,13,9,12,48
7257,18,7,9,61
7258,16,6,12,54
7259,13,7,14,46
7260,17,7,10,58
7261,17,8,9,59
7262,13,7,14,46
7263,14,11,9,53
7264,16,7,11,55
7265,13,9,12,48
7266,18,6,10,60
7267,9,8,17,35
7268,12,9,13,45
7269,14,10,10,52
7270,18,6,10,60
7271,16,5,13,53
7272,13,12,9,51
7273,16,9,9,57
7274,18,11,5,65
7275,19,6,9,63
7276,17,4,13,55
7277,17,6,11,57
7278,15,8,11,53
7279,15,12,7,57
7280,16,9,9,57
7281,19,5,10,62
7282,17,5,12,56
7283,14,6,14,48
7284,17,7,10,58
7285,14,8,12,50
7286,17,4,13,55
7287,14,8,12,50
7288,14,8,12,50
7289,13,6,15,45
7290,16,7,11,55
7291,17,7,10,58
7292,15,6,13,51
7293,18,6,10,60
7294,21,4,9,67
7295,13,8,13,47
7296,15,7,12,52
7297,15,9,10,54
7298,13,9,12,48
7299,15,8,11,53
7300,12,6,16,42
7301,17,9,8,60
7302,22,4,8,70
7303,13,8,13,47
7304,18,6,10,60
7305,15,11,8,56
7306,17,4,13,55
7307,11,5,18,38
7308,13,7,14,46
7309,17,6,11,57
7310,18,5,11,59
7311,18,6,10,60
7312,18,7,9,61
7313,18,4,12,58
7314,18,5,11,59
7315,15,8,11,53
7316,17,7,10,58
7317,18,7,9,61
7318,13,6,15,45
7319,19,7,8,64
7320,18,3,13,57
7321,16,8,10,56
7322,21,6,7,69
7323,14,10,10,52
7324,17,10,7,61
7325,17,8,9,59
7326,19,8,7,65
7327,15,6,13,51
7328,13,9,12,48
7329,14,9,11,51
7330,17,9,8,60
7331,16,9,9,57
7332,22,5,7,71
7333,10,12,12,42
7334,18,9,7,63
7335,15,7,12,52
7336,19,7,8,64
7337,13,7,14,46
7338,18,8,8,62
7339,18,7,9,61
7340,16,7,11,55
7341,22,6,6,72
7342,23,5,6,74
7343,15,2,17,47
7344,15,6,13,51
7345,9,12,13,39
7346,14,7,13,49
7347,18,6,10,60
7348,14,10,10,52
7349,18,7,9,61
7350,15,5,14,50
7351,18,9,7,63
7352,15,9,10,54
7353,22,3,9,69
7354,15,7,12,52
7355,16,9,9,57
7356,17,6,11,57
7357,17,4,13,55
7358,15,8,11,53
7359,18,2,14,56
7360,16,10,8,58
7361,18,9,7,63
7362,17,5,12,56
7363,18,5,11,59
7364,15,10,9,55
7365,14,10,10,52
7366,14,5,15,47
7367,20,3,11,63
7368,12,12,10,48
7369,17,10,7,61
7370,15,9,10,54
7371,21,5,8,68
7372,16,7,11,55
7373,16,6,12,54
7374,17,8,9,59
7375,14,9,11,51
7376,16,9,9,57
7377,14,8,12,50
7378,17,5,12,56
7379,17,2,15,53
7380,13,11,10,50
7381,10,10,14,40
7382,13,9,12,48
7383,15,9,10,54
7384,15,10,9,55
7385,10,6,18,36
7386,10,10,14,40
7387,16,5,13,53
7388,16,6,12,54
7389,14,3,17,45
7390,18,7,9,61
7391,20,4,10,64
7392,13,8,13,47
7393,15,5,14,50
7394,17,8,9,59
7395,15,5,14,50
7396,19,7,8,64
7397,17,5,12,56
7398,16,10,8,58
7399,16,5,13,53
7400,10,14,10,44
7401,19,8,7,65
7402,21,7,6,70
7403,19,8,7,65
7404,16,8,10,56
7405,19,6,9,63
7406,21,4,9,67
7407,13,11,10,50
7408,15,8,11,53
7409,14,6,14,48
7410,19,5,10,62
7411,14,8,12,50
7412,14,8,12,50
7413,16,7,11,55
7414,21,7,6,70
7415,15,10,9,55
7416,16,10,8,58
7417,13,8,13,47
7418,18,11,5,65
7419,12,6,16,42
7420,15,6,13,51
7421,16,12,6,60
7422,16,10,8,58
7423,9,10,15,37
7424,11,10,13,43
7425,13,10,11,49
7426,14,7,13,49
7427,15,7,12,52
7428,18,5,11,59
7429,19,6,9,63
7430,14,8,12,50
7431,11,2,21,35
7432,17,8,9,59
7433,15,6,13,51
7434,18,8,8,62
7435,13,10,11,49
7436,15,9,10,54
7437,15,10,9,55
7438,17,8,9,59
7439,16,6,12,54
7440,20,3,11,63
7441,20,4,10,64
7442,13,8,13,47
7443,13,13,8,52
7444,13,9,12,48
7445,20,9,5,69
7446,13,8,13,47
7447,10,10,14,40
7448,13,12,9,51
7449,14,5,15,47
7450,15,10,9,55
7451,22,4,8,70
7452,18,7,9,61
7453,15,10,9,55
7454,17,2,15,53
7455,16,7,11,55
7456,13,8,13,47
7457,17,6,11,57
7458,12,11,11,47
7459,17,9,8,60
7460,14,6,14,48
7461,18,9,7,63
7462,18,8,8,62
7463,16,8,10,56
7464,14,4,16,46
7465,17,4,13,55
7466,14,7,13,49
7467,19,5,10,62
7468,16,6,12,54
7469,17,6,11,57
7470,13,8,13,47
7471,20,4,10,64
7472,18,6,10,60
7473,19,5,10,62
7474,20,4,10,64
7475,15,13,6,58
7476,16,10,8,58
7477,18,7,9,61
7478,15,8,11,53
7479,18,6,10,60
7480,20,5,9,65
7481,16,6,12,54
7482,11,7,16,40
7483,16,11,7,59
7484,18,9,7,63
7485,16,6,12,54
7486,15,6,13,51
7487,17,9,8,60
7488,14,10,10,52
7489,8,7,19,31
7490,20,5,9,65
7491,14,8,12,50
7492,16,9,9,57
7493,18,7,9,61
7494,18,7,9,61
7495,19,5,10,62
7496,14,9,11,51
7497,19,8,7,65
7498,16,5,13,53
7499,20,4,10,64
7500,18,9,7,63
7501,15,8,11,53
7502,19,6,9,63
7503,13,5,16,44
7504,12,9,13,45
7505,18,8,8,62
7506,15,8,11,53
7507,23,5,6,74
7508,18,4,12,58
7509,15,5,14,50
7510,17,7,10,58
7511,18,7,9,61
7512,18,7,9,61
7513,17,9,8,60
7514,17,7,10,58
7515,22,7,5,73
7516,15,8,11,53
7517,18,7,9,61
7518,15,9,10,54
7519,13,6,15,45
7520,18,2,14,56
7521,18,8,8,62
7522,15,6,13,51
7523,16,7,11,55
7524,14,7,13,49
7525,15,6,13,51
7526,15,9,10,54
7527,18,8,8,62
7528,19,6,9,63
7529,22,7,5,73
7530,16,8,10,56
7531,17,9,8,60
7532,15,6,13,51
7533,15,5,14,50
7534,14,6,14,48
7535,18,7,9,61
7536,15,15,4,60
7537,17,7,10,58
7538,12,11,11,47
7539,14,8,12,50
7540,16,4,14,52
7541,15,8,11,53
7542,20,9,5,69
7543,20,5,9,65
7544,21,6,7,69
7545,16,7,11,55
7546,19,2,13,59
7547,19,6,9,63
7548,20,3,11,63
7549,18,2,14,56
7550,13,9,12,48
7551,18,5,11,59
7552,20,3,11,63
7553,14,5,15,47
7554,17,8,9,59
7555,17,5,12,56
7556,13,9,12,48
7557,15,6,13,51
7558,16,8,10,56
7559,23,7,4,76
7560,16,9,9,57
7561,14,9,11,51
7562,20,4,10,64
7563,17,6,11,57
7564,13,12,9,51
7565,17,5,12,56
7566,16,7,11,55
7567,14,6,14,48
7568,17,6,11,57
7569,13,10,11,49
7570,11,9,14,42
7571,11,7,16,40
7572,14,5,15,47
7573,21,6,7,69
7574,16,10,8,58
7575,15,7,12,52
7576,16,10,8,58
7577,21,4,9,67
7578,15,5,14,50
7579,16,7,11,55
7580,13,4,17,43
7581,16,8,10,56
7582,11,7,16,40
7583,13,8,13,47
7584,22,8,4,74
7585,15,10,9,55
7586,18,2,14,56
7587,16,7,11,55
7588,16,10,8,58
7589,16,7,11,55
7590,13,11,10,50
7591,14,5,15,47
7592,18,9,7,63
7593,18,8,8,62
7594,16,9,9,57
7595,14,9,11,51
7596,16,7,11,55
7597,16,8,10,56
7598,21,6,7,69
7599,18,3,13,57
7600,18,4,12,58
7601,18,6,10,60
7602,11,12,11,45
7603,13,7,14,46
7604,21,7,6,70
7605,17,9,8,60
7606,18,6,10,60
7607,19,3,12,60
7608,16,9,9,57
7609,17,10,7,61
7610,14,10,10,52
7611,16,8,10,56
7612,15,4,15,49
7613,12,9,13,45
7614,15,8,11,53
7615,22,5,7,71
7616,10,6,18,36
7617,17,7,10,58
7618,14,10,10,52
7619,16,6,12,54
7620,17,6,11,57
7621,17,8,9,59
7622,13,8,13,47
7623,20,5,9,65
7624,15,8,11,53
7625,20,3,11,63
7626,18,8,8,62
7627,17,6,11,57
7628,17,9,8,60
7629,21,8,5,71
7630,16,5,13,53
7631,19,3,12,60
7632,21,4,9,67
7633,16,8,10,56
7634,17,7,10,58
7635,17,5,12,56
7636,15,6,13,51
7637,18,8,8,62
7638,16,10,8,58
7639,16,5,13,53
7640,24,7,3,79
7641,14,10,10,52
7642,14,7,13,49
7643,19,9,6,66
7644,13,7,14,46
7645,11,10,13,43
7646,14,10,10,52
7647,17,9,8,60
7648,13,8,13,47
7649,13,7,14,46
7650,16,5,13,53
7651,19,7,8,64
7652,14,11,9,53
7653,15,9,10,54
7654,19,7,8,64
7655,13,12,9,51
7656,19,7,8,64
7657,13,9,12,48
7658,13,9,12,48
7659,18,5,11,59
7660,15,7,12,52
7661,14,9,11,51
7662,17,5,12,56
7663,14,6,14,48
7664,15,10,9,55
7665,12,8,14,44
7666,17,7,10,58
7667,14,10,10,52
7668,9,8,17,35
7669,21,5,8,68
7670,15,6,13,51
7671,12,6,16,42
7672,18,6,10,60
7673,18,10,6,64
7674,15,7,12,52
7675,14,7,13,49
7676,17,6,11,57
7677,15,6,13,51
7678,15,8,11,53
7679,14,11,9,53
7680,14,4,16,46
7681,17,6,11,57
7682,15,9,10,54
7683,14,13,7,55
7684,19,4,11,61
7685,16,10,8,58
7686,16,10,8,58
7687,16,5,13,53
7688,16,8,10,56
7689,19,4,11,61
7690,21,4,9,67
7691,17,2,15,53
7692,12,10,12,46
7693,12,10,12,46
7694,15,10,9,55
7695,16,8,10,56
7696,19,6,9,63
7697,15,11,8,56
7698,17,8,9,59
7699,21,5,8,68
7700,14,9,11,51
7701,18,7,9,61
7702,15,11,8,56
7703,18,7,9,61
7704,20,5,9,65
7705,13,9,12,48
7706,15,8,11,53
7707,18,5,11,59
7708,19,5,10,62
7709,19,5,10,62
7710,16,8,10,56
7711,18,5,11,59
7712,17,5,12,56
7713,12,9,13,45
7714,13,6,15,45
7715,18,7,9,61
7716,15,9,10,54
7717,21,9,4,72
7718,15,11,8,56
7719,16,5,13,53
7720,20,8,6,68
7721,8,10,16,34
7722,12,9,13,45
7723,18,4,12,58
7724,19,8,7,65
7725,12,9,13,45
7726,18,6,10,60
7727,16,5,13,53
7728,14,10,10,52
7729,15,7,12,52
7730,18,5,11,59
7731,16,13,5,61
7732,21,3,10,66
7733,12,8,14,44
7734,17,6,11,57
7735,16,5,13,53
7736,18,10,6,64
7737,13,8,13,47
7738,18,7,9,61
7739,15,7,12,52
7740,21,3,10,66
7741,15,9,10,54
7742,16,5,13,53
7743,11,9,14,42
7744,10,6,18,36
7745,14,10,10,52
7746,15,8,11,53
7747,14,8,12,50
7748,12,11,11,47
7749,17,6,11,57
7750,18,9,7,63
7751,16,6,12,54
7752,13,8,13,47
7753,17,2,15,53
7754,15,4,15,49
7755,18,8,8,62
7756,18,5,11,59
7757,16,4,14,52
7758,14,10,10,52
7759,14,5,15,47
7760,17,4,13,55
7761,12,9,13,45
7762,15,8,11,53
7763,18,6,10,60
7764,17,8,9,59
7765,12,11,11,47
7766,13,7,14,46
7767,18,6,10,60
7768,15,6,13,51
7769,17,8,9,59
7770,21,4,9,67
7771,15,9,10,54
7772,12,10,12,46
7773,15,5,14,50
7774,20,8,6,68
7775,17,4,13,55
7776,16,6,12,54
7777,14,8,12,50
7778,19,9,6,66
7779,13,5,16,44
7780,13,8,13,47
7781,18,10,6,64
7782,24,7,3,79
7783,12,10,12,46
7784,17,4,13,55
7785,16,7,11,55
7786,18,5,11,59
7787,11,6,17,39
7788,14,10,10,52
7789,16,8,10,56
7790,19,8,7,65
7791,12,10,12,46
7792,13,6,15,45
7793,19,9,6,66
7794,17,4,13,55
7795,16,8,10,56
7796,19,6,9,63
7797,15,11,8,56
7798,14,7,13,49
7799,15,6,13,51
7800,13,10,11,49
7801,16,7,11,55
7802,22,3,9,69
7803,14,9,11,51
7804,18,4,12,58
7805,18,10,6,64
7806,18,7,9,61
7807,15,6,13,51
7808,10,12,12,42
7809,20,8,6,68
7810,12,9,13,45
7811,15,7,12,52
7812,17,5,12,56
7813,15,9,10,54
7814,19,6,9,63
7815,11,6,17,39
7816,18,6,10,60
7817,10,14,10,44
7818,16,7,11,55
7819,17,8,9,59
7820,15,10,9,55
7821,18,5,11,59
7822,20,5,9,65
7823,14,8,12,50
7824,16,10,8,58
7825,17,7,10,58
7826,14,9,11,51
7827,14,11,9,53
7828,13,7,14,46
7829,15,6,13,51
7830,17,7,10,58
7831,18,7,9,61
7832,14,3,17,45
7833,19,9,6,66
7834,13,10,11,49
7835,12,7,15,43
7836,21,4,9,67
7837,17,4,13,55
7838,19,2,13,59
7839,16,6,12,54
7840,17,8,9,59
7841,16,7,11,55
7842,16,8,10,56
7843,19,8,7,65
7844,12,8,14,44
7845,18,4,12,58
7846,15,7,12,52
7847,17,8,9,59
7848,17,8,9,59
7849,14,10,10,52
7850,15,9,10,54
7851,19,8,7,65
7852,15,11,8,56
7853,19,5,10,62
7854,17,5,12,56
7855,16,9,9,57
7856,16,7,11,55
7857,15,7,12,52
7858,18,4,12,58
7859,16,8,10,56
7860,14,9,11,51
7861,15,8,11,53
7862,19,7,8,64
7863,16,5,13,53
7864,13,10,11,49
7865,21,6,7,69
7866,19,3,12,60
7867,18,10,6,64
7868,20,6,8,66
7869,13,5,16,44
7870,19,8,7,65
7871,16,8,10,56
7872,16,7,11,55
7873,12,9,13,45
7874,15,9,10,54
7875,16,9,9,57
7876,20,9,5,69
7877,13,9,12,48
7878,18,4,12,58
7879,19,10,5,67
7880,17,7,10,58
7881,20,7,7,67
7882,17,4,13,55
7883,13,12,9,51
7884,14,7,13,49
7885,14,8,12,50
7886,16,7,11,55
7887,17,9,8,60
7888,13,8,13,47
7889,15,8,11,53
7890,18,6,10,60
7891,11,10,13,43
7892,22,6,6,72
7893,14,5,15,47
7894,16,6,12,54
7895,12,7,15,43
7896,15,7,12,52
7897,17,6,11,57
7898,14,5,15,47
7899,19,5,10,62
7900,19,8,7,65
7901,17,8,9,59
7902,16,7,11,55
7903,22,4,8,70
7904,16,10,8,58
7905,12,7,15,43
7906,18,7,9,61
7907,14,6,14,48
7908,19,9,6,66
7909,13,6,15,45
7910,23,4,7,73
7911,20,8,6,68
7912,15,4,15,49
7913,13,11,10,50
7914,22,5,7,71
7915,13,10,11,49
7916,13,8,13,47
7917,11,7,16,40
7918,12,10,12,46
7919,16,6,12,54
7920,15,4,15,49
7921,17,7,10,58
7922,15,10,9,55
7923,16,10,8,58
7924,13,10,11,49
7925,15,10,9,55
7926,12,8,14,44
7927,17,8,9,59
7928,17,9,8,60
7929,17,6,11,57
7930,12,13,9,49
7931,13,8,13,47
7932,15,10,9,55
7933,14,10,10,52
7934,15,8,11,53
7935,17,4,13,55
7936,15,8,11,53
7937,18,4,12,58
7938,14,9,11,51
7939,12,8,14,44
7940,14,4,16,46
7941,16,7,11,55
7942,14,12,8,54
7943,17,8,9,59
7944,11,7,16,40
7945,17,8,9,59
7946,12,7,15,43
7947,17,8,9,59
7948,14,11,9,53
7949,17,3,14,54
7950,15,10,9,55
7951,15,4,15,49
7952,17,7,10,58
7953,14,5,15,47
7954,15,9,10,54
7955,19,8,7,65
7956,12,12,10,48
7957,12,7,15,43
7958,10,10,14,40
7959,19,3,12,60
7960,19,6,9,63
7961,15,5,14,50
7962,19,6,9,63
7963,16,6,12,54
7964,12,8,14,44
7965,17,4,13,55
7966,17,6,11,57
7967,18,6,10,60
7968,18,5,11,59
7969,14,13,7,55
7970,14,7,13,49
7971,17,10,7,61
7972,12,12,10,48
7973,21,4,9,67
7974,23,7,4,76
7975,16,5,13,53
7976,14,7,13,49
7977,16,9,9,57
7978,20,3,11,63
7979,17,8,9,59
7980,14,4,16,46
7981,12,6,16,42
7982,15,7,12,52
7983,20,5,9,65
7984,13,11,10,50
7985,13,8,13,47
7986,20,4,10,64
7987,18,8,8,62
7988,21,2,11,65
7989,14,8,12,50
7990,15,6,13,51
7991,11,10,13,43
7992,15,10,9,55
7993,18,4,12,58
7994,14,6,14,48
7995,13,7,14,46
7996,18,2,14,56
7997,19,3,12,60
7998,12,6,16,42
7999,14,7,13,49
8000,16,6,12,54
8001,12,7,15,43
8002,22,3,9,69
8003,16,8,10,56
8004,14,7,13,49
8005,18,9,7,63
8006,18,2,14,56
8007,13,12,9,51
8008,21,7,6,70
8009,16,7,11,55
8010,13,5,16,44
8011,12,8,14,44
8012,21,4,9,67
8013,18,7,9,61
8014,17,9,8,60
8015,15,4,15,49
8016,14,14,6,56
8017,19,5,10,62
8018,17,4,13,55
8019,17,8,9,59
8020,15,6,13,51
8021,17,10,7,61
8022,17,4,13,55
8023,19,2,13,59
8024,15,10,9,55
8025,15,8,11,53
8026,19,4,11,61
8027,17,9,8,60
8028,18,9,7,63
8029,15,5,14,50
8030,17,6,11,57
8031,18,8,8,62
8032,17,8,9,59
8033,19,4,11,61
8034,14,6,14,48
8035,10,13,11,43
8036,14,8,12,50
8037,17,7,10,58
8038,14,9,11,51
8039,19,5,10,62
8040,13,9,12,48
8041,15,7,12,52
8042,13,11,10,50
8043,22,3,9,69
8044,17,3,14,54
8045,21,2,11,65
8046,19,7,8,64
8047,14,9,11,51
8048,18,6,10,60
8049,18,8,8,62
8050,18,6,10,60
8051,13,12,9,51
8052,19,8,7,65
8053,18,6,10,60
8054,13,5,16,44
8055,14,6,14,48
8056,13,5,16,44
8057,25,3,6,78
8058,20,3,11,63
8059,19,6,9,63
8060,13,8,13,47
8061,16,9,9,57
8062,16,9,9,57
8063,19,7,8,64
8064,11,10,13,43
8065,18,3,13,57
8066,12,6,16,42
8067,13,9,12,48
8068,19,5,10,62
8069,15,7,12,52
8070,10,13,11,43
8071,10,10,14,40
8072,15,6,13,51
8073,10,9,15,39
8074,13,8,13,47
8075,11,9,14,42
8076,16,8,10,56
8077,16,6,12,54
8078,15,3,16,48
8079,16,6,12,54
8080,17,3,14,54
8081,18,4,12,58
8082,18,4,12,58
8083,13,9,12,48
8084,14,8,12,50
8085,14,9,11,51
8086,21,2,11,65
8087,15,7,12,52
8088,15,5,14,50
8089,18,7,9,61
8090,14,7,13,49
8091,17,9,8,60
8092,21,6,7,69
8093,19,6,9,63
8094,19,4,11,61
8095,18,5,11,59
8096,20,6,8,66
8097,15,8,11,53
8098,19,6,9,63
8099,13,11,10,50
8100,10,7,17,37
8101,11,5,18,38
8102,15,7,12,52
8103,17,6,11,57
8104,15,7,12,52
8105,18,2,14,56
8106,16,8,10,56
8107,13,10,11,49
8108,13,7,14,46
8109,19,7,8,64
8110,18,6,10,60
8111,13,9,12,48
8112,21,3,10,66
8113,18,5,11,59
8114,14,12,8,54
8115,14,11,9,53
8116,14,12,8,54
8117,16,7,11,55
8118,15,5,14,50
8119,16,7,11,55
8120,15,6,13,51
8121,17,8,9,59
8122,16,7,11,55
8123,12,7,15,43
8124,15,2,17,47
8125,17,7,10,58
8126,14,8,12,50
8127,18,8,8,62
8128,13,8,13,47
8129,25,3,6,78
8130,17,8,9,59
8131,15,10,9,55
8132,16,8,10,56
8133,14,8,12,50
8134,11,9,14,42
8135,16,4,14,52
8136,18,5,11,59
8137,15,7,12,52
8138,12,8,14,44
8139,15,5,14,50
8140,23,4,7,73
8141,20,5,9,65
8142,15,8,11,53
8143,19,6,9,63
8144,13,6,15,45
8145,15,3,16,48
8146,15,2,17,47
8147,14,5,15,47
8148,19,6,9,63
8149,17,5,12,56
8150,20,4,10,64
8151,18,7,9,61
8152,17,6,11,57
8153,20,4,10,64
8154,17,9,8,60
8155,15,8,11,53
8156,18,10,6,64
8157,20,7,7,67
8158,18,7,9,61
8159,21,8,5,71
8160,17,7,10,58
8161,16,5,13,53
8162,12,6,16,42
8163,17,8,9,59
8164,13,9,12,48
8165,14,9,11,51
8166,17,5,12,56
8167,13,10,11,49
8168,16,9,9,57
8169,16,6,12,54
8170,18,6,10,60
8171,16,6,12,54
8172,17,7,10,58
8173,16,5,13,53
8174,18,7,9,61
8175,16,11,7,59
8176,18,7,9,61
8177,18,5,11,59
8178,23,1,10,70
8179,17,7,10,58
8180,17,6,11,57
8181,17,9,8,60
8182,15,4,15,49
8183,12,5,17,41
8184,19,7,8,64
8185,13,7,14,46
8186,18,7,9,61
8187,15,11,8,56
8188,14,11,9,53
8189,16,9,9,57
8190,16,9,9,57
8191,15,9,10,54
8192,17,5,12,56
8193,19,5,10,62
8194,17,7,10,58
8195,17,9,8,60
8196,12,4,18,40
8197,13,11,10,50
8198,18,3,13,57
8199,13,9,12,48
8200,13,5,16,44
8201,18,7,9,61
8202,19,9,6,66
8203,13,10,11,49
8204,18,5,11,59
8205,23,4,7,73
8206,17,6,11,57
8207,22,5,7,71
8208,13,7,14,46
8209,18,8,8,62
8210,14,6,14,48
8211,12,6,16,42
8212,13,9,12,48
8213,16,5,13,53
8214,12,12,10,48
8215,16,10,8,58
8216,17,7,10,58
8217,13,5,16,44
8218,22,8,4,74
8219,15,11,8,56
8220,15,8,11,53
8221,23,5,6,74
8222,14,10,10,52
8223,17,6,11,57
8224,13,9,12,48
8225,18,8,8,62
8226,17,8,9,59
8227,16,8,10,56
8228,15,10,9,55
8229,18,7,9,61
8230,16,6,12,54
8231,16,4,14,52
8232,17,8,9,59
8233,17,5,12,56
8234,14,5,15,47
8235,17,10,7,61
8236,16,6,12,54
8237,11,10,13,43
8238,15,10,9,55
8239,18,5,11,59
8240,14,9,11,51
8241,17,4,13,55
8242,18,7,9,61
8243,17,9,8,60
8244,19,5,10,62
8245,21,8,5,71
8246,15,9,10,54
8247,16,7,11,55
8248,18,8,8,62
8249,15,4,15,49
8250,15,8,11,53
8251,15,7,12,52
8252,11,10,13,43
8253,18,7,9,61
8254,14,9,11,51
8255,18,6,10,60
8256,17,6,11,57
8257,15,6,13,51
8258,13,10,11,49
8259,18,8,8,62
8260,17,11,6,62
8261,18,13,3,67
8262,17,6,11,57
8263,16,9,9,57
8264,14,5,15,47
8265,19,8,7,65
8266,16,7,11,55
8267,17,10,7,61
8268,17,9,8,60
8269,14,10,10,52
8270,15,4,15,49
8271,19,7,8,64
8272,17,5,12,56
8273,17,9,8,60
8274,20,8,6,68
8275,17,5,12,56
8276,13,7,14,46
8277,15,7,12,52
8278,19,5,10,62
8279,13,8,13,47
8280,16,9,9,57
8281,21,7,6,70
8282,15,9,10,54
8283,20,6,8,66
8284,18,5,11,59
8285,12,14,8,50
8286,13,8,13,47
8287,15,5,14,50
8288,14,10,10,52
8289,20,9,5,69
8290,11,12,11,45
8291,17,3,14,54
8292,15,7,12,52
8293,15,8,11,53
8294,20,5,9,65
8295,20,4,10,64
8296,16,8,10,56
8297,17,11,6,62
8298,15,9,10,54
8299,13,13,8,52
8300,17,9,8,60
8301,19,6,9,63
8302,17,8,9,59
8303,20,4,10,64
8304,17,5,12,56
8305,13,4,17,43
8306,14,5,15,47
8307,17,8,9,59
8308,15,6,13,51
8309,13,10,11,49
8310,18,7,9,61
8311,18,6,10,60
8312,14,9,11,51
8313,14,9,11,51
8314,16,7,11,55
8315,18,8,8,62
8316,17,9,8,60
8317,12,9,13,45
8318,9,6,19,33
8319,14,9,11,51
8320,18,6,10,60
8321,16,6,12,54
8322,15,9,10,54
8323,17,8,9,59
8324,18,10,6,64
8325,16,7,11,55
8326,20,2,12,62
8327,12,9,13,45
8328,17,8,9,59
8329,16,6,12,54
8330,19,7,8,64
8331,22,3,9,69
8332,18,4,12,58
8333,13,9,12,48
8334,16,6,12,54
8335,14,7,13,49
8336,16,6,12,54
8337,18,6,10,60
8338,18,7,9,61
8339,19,9,6,66
8340,15,6,13,51
8341,18,6,10,60
8342,15,6,13,51
8343,19,2,13,59
8344,15,3,16,48
8345,19,6,9,63
8346,17,6,11,57
8347,19,7,8,64
8348,15,7,12,52
8349,8,11,15,35
8350,15,9,10,54
8351,14,8,12,50
8352,17,6,11,57
8353,16,7,11,55
8354,14,12,8,54
8355,18,5,11,59
8356,20,1,13,61
8357,17,4,13,55
8358,14,11,9,53
8359,16,6,12,54
8360,14,4,16,46
8361,15,8,11,53
8362,21,4,9,67
8363,14,10,10,52
8364,15,9,10,54
8365,12,10,12,46
8366,13,6,15,45
8367,14,7,13,49
8368,17,7,10,58
8369,13,9,12,48
8370,15,9,10,54
8371,18,4,12,58
8372,17,5,12,56
8373,11,8,15,41
8374,16,8,10,56
8375,9,12,13,39
8376,15,11,8,56
8377,16,9,9,57
8378,20,4,10,64
8379,15,9,10,54
8380,20,6,8,66
8381,17,8,9,59
8382,23,5,6,74
8383,16,7,11,55
8384,20,4,10,64
8385,15,10,9,55
8386,18,4,12,58
8387,16,5,13,53
8388,15,8,11,53
8389,19,5,10,62
8390,14,6,14,48
8391,11,9,14,42
8392,13,10,11,49
8393,19,4,11,61
8394,13,6,15,45
8395,19,10,5,67
8396,18,5,11,59
8397,18,7,9,61
8398,17,2,15,53
8399,20,5,9,65
8400,17,8,9,59
8401,19,5,10,62
8402,16,8,10,56
8403,13,6,15,45
8404,18,6,10,60
8405,17,5,12,56
8406,14,12,8,54
8407,15,11,8,56
8408,13,10,11,49
8409,19,6,9,63
8410,17,7,10,58
8411,18,5,11,59
8412,17,6,11,57
8413,12,13,9,49
8414,17,7,10,58
8415,19,4,11,61
8416,15,6,13,51
8417,15,7,12,52
8418,14,11,9,53
8419,12,9,13,45
8420,13,5,16,44
8421,14,5,15,47
8422,13,6,15,45
8423,17,5,12,56
8424,14,11,9,53
8425,14,7,13,49
8426,20,4,10,64
8427,17,10,7,61
8428,21,5,8,68
8429,16,8,10,56
8430,16,5,13,53
8431,19,6,9,63
8432,14,12,8,54
8433,16,11,7,59
8434,15,7,12,52
8435,18,5,11,59
8436,21,3,10,66
8437,16,8,10,56
8438,15,11,8,56
8439,17,4,13,55
8440,18,8,8,62
8441,19,9,6,66
8442,14,9,11,51
8443,14,7,13,49
8444,15,10,9,55
8445,15,11,8,56
8446,15,8,11,53
8447,16,7,11,55
8448,11,13,10,46
8449,18,6,10,60
8450,16,9,9,57
8451,17,5,12,56
8452,13,8,13,47
8453,9,10,15,37
8454,16,7,11,55
8455,14,8,12,50
8456,15,3,16,48
8457,10,14,10,44
8458,16,10,8,58
8459,16,4,14,52
8460,15,5,14,50
8461,16,7,11,55
8462,19,6,9,63
8463,17,7,10,58
8464,13,9,12,48
8465,20,6,8,66
8466,17,6,11,57
8467,16,8,10,56
8468,16,8,10,56
8469,15,8,11,53
8470,17,5,12,56
8471,19,5,10,62
8472,14,7,13,49
8473,18,7,9,61
8474,17,4,13,55
8475,16,10,8,58
8476,14,4,16,46
8477,12,6,16,42
8478,13,6,15,45
8479,17,9,8,60
8480,18,6,10,60
8481,13,5,16,44
8482,11,8,15,41
8483,17,5,12,56
8484,17,11,6,62
8485,15,8,11,53
8486,18,10,6,64
8487,17,5,12,56
8488,17,8,9,59
8489,15,5,14,50
8490,16,5,13,53
8491,18,6,10,60
8492,13,5,16,44
8493,16,11,7,59
8494,14,4,16,46
8495,21,7,6,70
8496,13,10,11,49
8497,21,4,9,67
8498,14,7,13,49
8499,15,10,9,55
8500,14,9,11,51
8501,20,3,11,63
8502,17,8,9,59
8503,17,3,14,54
8504,18,4,12,58
8505,13,9,12,48
8506,15,8,11,53
8507,17,6,11,57
8508,18,7,9,61
8509,22,2,10,68
8510,16,8,10,56
8511,18,7,9,61
8512,21,4,9,67
8513,17,5,12,56
8514,19,3,12,60
8515,18,5,11,59
8516,14,6,14,48
8517,16,4,14,52
8518,20,4,10,64
8519,11,7,16,40
8520,20,4,10,64
8521,15,8,11,53
8522,20,3,11,63
8523,19,3,12,60
8524,15,9,10,54
8525,17,4,13,55
8526,18,5,11,59
8527,16,7,11,55
8528,15,7,12,52
8529,11,6,17,39
8530,14,8,12,50
8531,15,10,9,55
8532,16,7,11,55
8533,18,7,9,61
8534,14,5,15,47
8535,16,10,8,58
8536,18,7,9,61
8537,16,6,12,54
8538,12,16,6,52
8539,16,7,11,55
8540,14,7,13,49
8541,15,9,10,54
8542,16,10,8,58
8543,16,6,12,54
8544,16,7,11,55
8545,12,8,14,44
8546,18,5,11,59
8547,15,11,8,56
8548,21,5,8,68
8549,14,6,14,48
8550,16,8,10,56
8551,13,14,7,53
8552,16,7,11,55
8553,18,8,8,62
8554,18,6,10,60
8555,17,7,10,58
8556,13,10,11,49
8557,14,12,8,54
8558,17,5,12,56
8559,17,9,8,60
8560,18,5,11,59
8561,15,9,10,54
8562,17,5,12,56
8563,22,5,7,71
8564,16,6,12,54
8565,18,3,13,57
8566,13,10,11,49
8567,13,11,10,50
8568,14,7,13,49
8569,14,6,14,48
8570,17,6,11,57
8571,20,6,8,66
8572,14,9,11,51
8573,15,9,10,54
8574,19,4,11,61
8575,15,13,6,58
8576,13,6,15,45
8577,18,4,12,58
8578,13,4,17,43
8579,20,7,7,67
8580,14,8,12,50
8581,11,6,17,39
8582,19,5,10,62
8583,15,9,10,54
8584,9,12,13,39
8585,16,9,9,57
8586,15,9,10,54
8587,18,4,12,58
8588,14,7,13,49
8589,14,7,13,49
8590,16,6,12,54
8591,17,9,8,60
8592,17,9,8,60
8593,16,9,9,57
8594,18,10,6,64
8595,12,14,8,50
8596,16,10,8,58
8597,16,4,14,52
8598,20,9,5,69
8599,17,4,13,55
8600,15,9,10,54
8601,15,10,9,55
8602,15,7,12,52
8603,14,7,13,49
8604,11,11,12,44
8605,14,9,11,51
8606,16,5,13,53
8607,20,5,9,65
8608,15,7,12,52
8609,18,8,8,62
8610,12,8,14,44
8611,17,9,8,60
8612,18,9,7,63
8613,15,8,11,53
8614,18,9,7,63
8615,15,5,14,50
8616,17,7,10,58
8617,12,9,13,45
8618,13,5,16,44
8619,17,5,12,56
8620,16,8,10,56
8621,11,6,17,39
8622,20,8,6,68
8623,15,5,14,50
8624,15,9,10,54
8625,20,7,7,67
8626,17,6,11,57
8627,18,4,12,58
8628,17,6,11,57
8629,15,11,8,56
8630,19,3,12,60
8631,12,9,13,45
8632,17,6,11,57
8633,12,8,14,44
8634,16,9,9,57
8635,19,10,5,67
8636,18,8,8,62
8637,16,10,8,58
8638,17,2,15,53
8639,19,7,8,64
8640,18,4,12,58
8641,11,13,10,46
8642,14,11,9,53
8643,17,7,10,58
8644,12,11,11,47
8645,16,6,12,54
8646,21,7,6,70
8647,12,13,9,49
8648,20,5,9,65
8649,16,8,10,56
8650,20,5,9,65
8651,13,13,8,52
8652,16,9,9,57
8653,15,8,11,53
8654,18,6,10,60
8655,14,8,12,50
8656,19,7,8,64
8657,19,2,13,59
8658,20,5,9,65
8659,16,6,12,54
8660,14,5,15,47
8661,12,11,11,47
8662,12,11,11,47
8663,13,10,11,49
8664,15,9,10,54
8665,11,10,13,43
8666,10,9,15,39
8667,17,6,11,57
8668,15,8,11,53
8669,16,7,11,55
8670,17,5,12,56
8671,13,9,12,48
8672,19,8,7,65
8673,10,10,14,40
8674,16,4,14,52
8675,15,8,11,53
8676,13,5,16,44
8677,16,6,12,54
8678,13,9,12,48
8679,17,6,11,57
8680,21,5,8,68
8681,18,8,8,62
8682,21,7,6,70
8683,16,5,13,53
8684,19,5,10,62
8685,14,7,13,49
8686,14,6,14,48
8687,15,9,10,54
8688,20,3,11,63
8689,14,7,13,49
8690,19,8,7,65
8691,16,6,12,54
8692,14,8,12,50
8693,21,6,7,69
8694,14,11,9,53
8695,16,5,13,53
8696,17,7,10,58
8697,16,7,11,55
8698,16,8,10,56
8699,17,8,9,59
8700,19,7,8,64
8701,20,9,5,69
8702,12,8,14,44
8703,19,4,11,61
8704,17,8,9,59
8705,17,10,7,61
8706,23,4,7,73
8707,16,6,12,54
8708,16,8,10,56
8709,18,7,9,61
8710,15,8,11,53
8711,15,11,8,56
8712,19,6,9,63
8713,14,10,10,52
8714,17,7,10,58
8715,18,6,10,60
8716,18,5,11,59
8717,23,3,8,72
8718,17,9,8,60
8719,18,6,10,60
8720,14,11,9,53
8721,14,4,16,46
8722,17,10,7,61
8723,15,7,12,52
8724,17,6,11,57
8725,13,12,9,51
8726,17,7,10,58
8727,18,4,12,58
8728,18,11,5,65
8729,20,5,9,65
8730,19,5,10,62
8731,16,6,12,54
8732,19,4,11,61
8733,16,7,11,55
8734,20,7,7,67
8735,19,8,7,65
8736,17,7,10,58
8737,14,10,10,52
8738,13,5,16,44
8739,18,6,10,60
8740,16,8,10,56
8741,14,11,9,53
8742,11,8,15,41
8743,13,7,14,46
8744,16,7,11,55
8745,17,6,11,57
8746,16,4,14,52
8747,14,8,12,50
8748,17,7,10,58
8749,13,13,8,52
8750,19,4,11,61
8751,14,7,13,49
8752,20,8,6,68
8753,16,7,11,55
8754,16,8,10,56
8755,12,14,8,50
8756,19,7,8,64
8757,13,11,10,50
8758,15,6,13,51
8759,16,5,13,53
8760,12,8,14,44
8761,15,7,12,52
8762,20,7,7,67
8763,15,6,13,51
8764,20,6,8,66
8765,14,10,10,52
8766,19,1,14,58
8767,14,8,12,50
8768,19,4,11,61
8769,12,13,9,49
8770,11,9,14,42
8771,15,9,10,54
8772,14,9,11,51
8773,19,9,6,66
8774,17,8,9,59
8775,16,5,13,53
8776,19,6,9,63
8777,18,7,9,61
8778,16,8,10,56
8779,18,5,11,59
8780,17,6,11,57
8781,17,8,9,59
8782,15,7,12,52
8783,16,6,12,54
8784,13,9,12,48
8785,13,5,16,44
8786,17,8,9,59
8787,9,12,13,39
8788,15,6,13,51
8789,17,8,9,59
8790,19,7,8,64
8791,13,10,11,49
8792,13,12,9,51
8793,14,8,12,50
8794,19,5,10,62
8795,16,5,13,53
8796,11,10,13,43
8797,15,8,11,53
8798,15,4,15,49
8799,16,6,12,54
8800,17,9,8,60
8801,15,6,13,51
8802,15,8,11,53
8803,17,6,11,57
8804,19,6,9,63
8805,18,5,11,59
8806,14,11,9,53
8807,20,2,12,62
8808,17,8,9,59
8809,20,4,10,64
8810,15,7,12,52
8811,16,7,11,55
8812,15,7,12,52
8813,17,9,8,60
8814,17,7,10,58
8815,15,9,10,54
8816,15,5,14,50
8817,15,5,14,50
8818,17,8,9,59
8819,15,11,8,56
8820,15,11,8,56
8821,16,5,13,53
8822,17,6,11,57
8823,16,10,8,58
8824,20,7,7,67
8825,15,10,9,55
8826,16,9,9,57
8827,14,5,15,47
8828,16,6,12,54
8829,14,9,11,51
8830,12,12,10,48
8831,17,6,11,57
8832,11,9,14,42
8833,18,8,8,62
8834,16,12,6,60
8835,13,10,11,49
8836,11,12,11,45
8837,17,7,10,58
8838,13,10,11,49
8839,19,3,12,60
8840,17,4,13,55
8841,17,7,10,58
8842,17,4,13,55
8843,17,8,9,59
8844,16,9,9,57
8845,13,12,9,51
8846,16,6,12,54
8847,17,6,11,57
8848,16,7,11,55
8849,15,15,4,60
8850,14,9,11,51
8851,15,7,12,52
8852,16,4,14,52
8853,17,8,9,59
8854,15,8,11,53
8855,19,4,11,61
8856,14,2,18,44
8857,13,9,12,48
8858,14,6,14,48
8859,14,7,13,49
8860,18,3,13,57
8861,17,11,6,62
8862,20,7,7,67
8863,16,8,10,56
8864,12,9,13,45
8865,15,8,11,53
8866,17,4,13,55
8867,16,6,12,54
8868,13,8,13,47
8869,20,3,11,63
8870,16,10,8,58
8871,20,8,6,68
8872,18,8,8,62
8873,14,9,11,51
8874,14,11,9,53
8875,11,9,14,42
8876,13,13,8,52
8877,14,10,10,52
8878,15,7,12,52
8879,19,8,7,65
8880,12,11,11,47
8881,16,7,11,55
8882,13,7,14,46
8883,13,11,10,50
8884,20,3,11,63
8885,17,7,10,58
8886,20,6,8,66
8887,15,4,15,49
8888,14,5,15,47
8889,14,8,12,50
8890,15,8,11,53
8891,14,8,12,50
8892,20,5,9,65
8893,21,9,4,72
8894,18,2,14,56
8895,14,8,12,50
8896,15,4,15,49
8897,17,6,11,57
8898,16,8,10,56
8899,15,5,14,50
8900,12,9,13,45
8901,18,8,8,62
8902,11,11,12,44
8903,16,7,11,55
8904,13,10,11,49
8905,18,6,10,60
8906,10,11,13,41
8907,13,11,10,50
8908,15,7,12,52
8909,18,7,9,61
8910,12,6,16,42
8911,18,7,9,61
8912,25,4,5,79
8913,19,5,10,62
8914,18,5,11,59
8915,15,8,11,53
8916,18,6,10,60
8917,20,3,11,63
8918,17,5,12,56
8919,14,6,14,48
8920,17,8,9,59
8921,16,8,10,56
8922,16,8,10,56
8923,17,5,12,56
8924,20,5,9,65
8925,13,9,12,48
8926,18,5,11,59
8927,16,9,9,57
8928,17,6,11,57
8929,12,9,13,45
8930,21,4,9,67
8931,20,6,8,66
8932,15,9,10,54
8933,14,10,10,52
8934,16,4,14,52
8935,14,9,11,51
8936,18,8,8,62
8937,15,6,13,51
8938,15,7,12,52
8939,18,9,7,63
8940,10,12,12,42
8941,18,2,14,56
8942,17,5,12,56
8943,14,6,14,48
8944,13,9,12,48
8945,14,5,15,47
8946,13,9,12,48
8947,19,8,7,65
8948,15,4,15,49
8949,15,12,7,57
8950,15,5,14,50
8951,16,10,8,58
8952,21,4,9,67
8953,16,7,11,55
8954,16,5,13,53
8955,17,7,10,58
8956,16,13,5,61
8957,17,10,7,61
8958,14,7,13,49
8959,15,9,10,54
8960,17,8,9,59
8961,20,5,9,65
8962,16,7,11,55
8963,14,11,9,53
8964,13,10,11,49
8965,26,4,4,82
8966,17,7,10,58
8967,14,9,11,51
8968,14,7,13,49
8969,15,9,10,54
8970,17,6,11,57
8971,18,8,8,62
8972,16,7,11,55
8973,11,9,14,42
8974,16,3,15,51
8975,17,10,7,61
8976,15,9,10,54
8977,16,6,12,54
8978,19,5,10,62
8979,18,5,11,59
8980,19,6,9,63
8981,14,9,11,51
8982,19,4,11,61
8983,17,9,8,60
8984,20,8,6,68
8985,18,8,8,62
8986,13,7,14,46
8987,18,10,6,64
8988,17,6,11,57
8989,11,9,14,42
8990,11,9,14,42
8991,9,10,15,37
8992,19,5,10,62
8993,16,8,10,56
8994,16,8,10,56
8995,20,8,6,68
8996,12,9,13,45
8997,20,6,8,66
8998,17,4,13,55
8999,10,7,17,37
9000,13,12,9,51
9001,21,5,8,68
9002,16,7,11,55
9003,18,7,9,61
9004,21,7,6,70
9005,16,5,13,53
9006,19,5,10,62
9007,13,6,15,45
9008,20,6,8,66
9009,16,6,12,54
9010,14,5,15,47
9011,14,8,12,50
9012,14,8,12,50
9013,16,7,11,55
9014,21,3,10,66
9015,19,5,10,62
9016,17,6,11,57
9017,14,11,9,53
9018,17,9,8,60
9019,15,7,12,52
9020,17,5,12,56
9021,16,9,9,57
9022,15,10,9,55
9023,15,7,12,52
9024,17,6,11,57
9025,20,6,8,66
9026,18,6,10,60
9027,18,8,8,62
9028,12,7,15,43
9029,15,9,10,54
9030,13,5,16,44
9031,16,9,9,57
9032,20,7,7,67
9033,15,4,15,49
9034,12,10,12,46
9035,14,10,10,52
9036,20,4,10,64
9037,17,3,14,54
9038,14,7,13,49
9039,18,5,11,59
9040,16,6,12,54
9041,18,7,9,61
9042,14,9,11,51
9043,20,7,7,67
9044,17,6,11,57
9045,10,14,10,44
9046,23,4,7,73
9047,13,10,11,49
9048,19,4,11,61
9049,18,7,9,61
9050,15,12,7,57
9051,16,10,8,58
9052,17,7,10,58
9053,17,8,9,59
9054,19,5,10,62
9055,15,6,13,51
9056,20,1,13,61
9057,12,9,13,45
9058,14,8,12,50
9059,16,5,13,53
9060,16,5,13,53
9061,16,5,13,53
9062,14,8,12,50
9063,17,8,9,59
9064,12,6,16,42
9065,17,7,10,58
9066,14,8,12,50
9067,20,2,12,62
9068,20,5,9,65
9069,15,5,14,50
9070,19,6,9,63
9071,21,2,11,65
9072,17,9,8,60
9073,15,6,13,51
9074,15,12,7,57
9075,13,10,11,49
9076,16,7,11,55
9077,14,8,12,50
9078,14,7,13,49
9079,11,10,13,43
9080,11,8,15,41
9081,20,4,10,64
9082,14,10,10,52
9083,10,8,16,38
9084,22,7,5,73
9085,12,11,11,47
9086,14,5,15,47
9087,14,10,10,52
9088,16,7,11,55
9089,15,6,13,51
9090,15,8,11,53
9091,19,7,8,64
9092,19,6,9,63
9093,20,6,8,66
9094,12,11,11,47
9095,21,6,7,69
9096,18,5,11,59
9097,14,4,16,46
9098,14,8,12,50
9099,16,6,12,54
9100,14,7,13,49
9101,17,8,9,59
9102,20,4,10,64
9103,18,6,10,60
9104,16,6,12,54
9105,16,10,8,58
9106,15,11,8,56
9107,21,7,6,70
9108,22,3,9,69
9109,13,10,11,49
9110,19,6,9,63
9111,15,8,11,53
9112,12,9,13,45
9113,18,4,12,58
9114,13,10,11,49
9115,13,10,11,49
9116,16,4,14,52
9117,17,11,6,62
9118,16,13,5,61
9119,17,7,10,58
9120,17,9,8,60
9121,17,9,8,60
9122,17,7,10,58
9123,14,11,9,53
9124,15,7,12,52
9125,15,9,10,54
9126,20,3,11,63
9127,20,3,11,63
9128,14,8,12,50
9129,15,8,11,53
9130,20,6,8,66
9131,17,6,11,57
9132,14,8,12,50
9133,15,9,10,54
9134,14,10,10,52
9135,18,6,10,60
9136,21,8,5,71
9137,16,6,12,54
9138,23,4,7,73
9139,23,3,8,72
9140,16,8,10,56
9141,17,9,8,60
9142,14,10,10,52
9143,14,8,12,50
9144,13,7,14,46
9145,16,4,14,52
9146,19,7,8,64
9147,12,10,12,46
9148,18,7,9,61
9149,17,5,12,56
9150,12,7,15,43
9151,10,13,11,43
9152,18,6,10,60
9153,20,5,9,65
9154,14,8,12,50
9155,15,6,13,51
9156,21,9,4,72
9157,14,9,11,51
9158,17,8,9,59
9159,21,6,7,69
9160,17,7,10,58
9161,21,6,7,69
9162,20,5,9,65
9163,12,10,12,46
9164,18,9,7,63
9165,15,8,11,53
9166,12,8,14,44
9167,15,5,14,50
9168,21,2,11,65
9169,16,5,13,53
9170,15,8,11,53
9171,16,6,12,54
9172,11,10,13,43
9173,13,8,13,47
9174,16,7,11,55
9175,18,4,12,58
9176,20,7,7,67
9177,10,14,10,44
9178,15,9,10,54
9179,17,9,8,60
9180,19,4,11,61
9181,14,9,11,51
9182,18,7,9,61
9183,15,9,10,54
9184,15,9,10,54
9185,17,8,9,59
9186,15,7,12,52
9187,19,7,8,64
9188,19,6,9,63
9189,15,12,7,57
9190,14,7,13,49
9191,12,9,13,45
9192,17,7,10,58
9193,16,3,15,51
9194,18,7,9,61
9195,16,8,10,56
9196,15,6,13,51
9197,15,10,9,55
9198,19,5,10,62
9199,15,10,9,55
9200,13,11,10,50
9201,20,8,6,68
9202,11,9,14,42
9203,18,8,8,62
9204,13,8,13,47
9205,21,3,10,66
9206,17,6,11,57
9207,14,11,9,53
9208,14,7,13,49
9209,19,3,12,60
9210,15,7,12,52
9211,25,5,4,80
9212,13,10,11,49
9213,17,8,9,59
9214,16,5,13,53
9215,19,3,12,60
9216,19,5,10,62
9217,19,5,10,62
9218,18,3,13,57
9219,17,5,12,56
9220,18,5,11,59
9221,18,5,11,59
9222,16,5,13,53
9223,19,6,9,63
9224,10,12,12,42
9225,19,7,8,64
9226,18,4,12,58
9227,12,10,12,46
9228,13,10,11,49
9229,18,8,8,62
9230,18,6,10,60
9231,15,9,10,54
9232,17,9,8,60
9233,16,7,11,55
9234,13,8,13,47
9235,19,7,8,64
9236,12,8,14,44
9237,13,10,11,49
9238,15,4,15,49
9239,15,5,14,50
9240,14,12,8,54
9241,12,13,9,49
9242,17,4,13,55
9243,18,10,6,64
9244,17,10,7,61
9245,13,6,15,45
9246,13,8,13,47
9247,18,7,9,61
9248,11,11,12,44
9249,18,4,12,58
9250,18,5,11,59
9251,16,8,10,56
9252,18,6,10,60
9253,15,10,9,55
9254,17,7,10,58
9255,16,9,9,57
9256,18,9,7,63
9257,17,7,10,58
9258,11,9,14,42
9259,17,7,10,58
9260,14,6,14,48
9261,17,4,13,55
9262,18,5,11,59
9263,14,10,10,52
9264,16,7,11,55
9265,14,10,10,52
9266,13,3,18,42
9267,16,8,10,56
9268,19,8,7,65
9269,12,9,13,45
9270,15,7,12,52
9271,11,3,20,36
9272,19,6,9,63
9273,14,7,13,49
9274,20,6,8,66
9275,17,11,6,62
9276,17,5,12,56
9277,20,6,8,66
9278,21,3,10,66
9279,20,5,9,65
9280,14,7,13,49
9281,21,6,7,69
9282,18,8,8,62
9283,14,11,9,53
9284,20,8,6,68
9285,16,6,12,54
9286,17,10,7,61
9287,15,3,16,48
9288,15,8,11,53
9289,16,7,11,55
9290,17,8,9,59
9291,15,5,14,50
9292,18,6,10,60
9293,18,8,8,62
9294,18,7,9,61
9295,16,7,11,55
9296,14,7,13,49
9297,17,7,10,58
9298,16,9,9,57
9299,16,10,8,58
9300,19,4,11,61
9301,12,10,12,46
9302,18,5,11,59
9303,13,8,13,47
9304,16,9,9,57
9305,15,11,8,56
9306,18,4,12,58
9307,15,8,11,53
9308,11,7,16,40
9309,14,8,12,50
9310,15,11,8,56
9311,17,5,12,56
9312,17,7,10,58
9313,14,9,11,51
9314,19,1,14,58
9315,19,6,9,63
9316,17,7,10,58
9317,19,4,11,61
9318,14,7,13,49
9319,14,6,14,48
9320,14,10,10,52
9321,15,8,11,53
9322,16,8,10,56
9323,17,9,8,60
9324,13,12,9,51
9325,18,5,11,59
9326,20,6,8,66
9327,20,8,6,68
9328,17,8,9,59
9329,14,8,12,50
9330,16,7,11,55
9331,17,8,9,59
9332,20,3,11,63
9333,19,7,8,64
9334,18,5,11,59
9335,14,7,13,49
9336,15,6,13,51
9337,14,10,10,52
9338,16,5,13,53
9339,18,6,10,60
9340,13,7,14,46
9341,15,9,10,54
9342,16,5,13,53
9343,20,5,9,65
9344,16,9,9,57
9345,16,7,11,55
9346,22,5,7,71
9347,15,7,12,52
9348,16,5,13,53
9349,15,6,13,51
9350,19,4,11,61
9351,9,9,16,36
9352,13,7,14,46
9353,14,7,13,49
9354,17,9,8,60
9355,15,9,10,54
9356,19,3,12,60
9357,18,9,7,63
9358,19,5,10,62
9359,18,9,7,63
9360,18,8,8,62
9361,20,5,9,65
9362,18,2,14,56
9363,12,9,13,45
9364,20,4,10,64
9365,13,10,11,49
9366,11,10,13,43
9367,21,5,8,68
9368,15,9,10,54
9369,19,3,12,60
9370,11,9,14,42
9371,19,7,8,64
9372,14,9,11,51
9373,18,7,9,61
9374,22,5,7,71
9375,12,12,10,48
9376,14,6,14,48
9377,16,6,12,54
9378,21,4,9,67
9379,17,9,8,60
9380,19,5,10,62
9381,13,7,14,46
9382,17,7,10,58
9383,12,10,12,46
9384,10,9,15,39
9385,17,5,12,56
9386,20,5,9,65
9387,12,9,13,45
9388,20,5,9,65
9389,20,6,8,66
9390,18,7,9,61
9391,19,7,8,64
9392,20,4,10,64
9393,15,6,13,51
9394,17,8,9,59
9395,16,5,13,53
9396,19,5,10,62
9397,15,6,13,51
9398,15,4,15,49
9399,15,9,10,54
9400,16,10,8,58
9401,13,11,10,50
9402,15,5,14,50
9403,16,12,6,60
9404,12,5,17,41
9405,18,4,12,58
9406,16,10,8,58
9407,17,9,8,60
9408,20,4,10,64
9409,18,7,9,61
9410,13,8,13,47
9411,18,12,4,66
9412,17,7,10,58
9413,13,8,13,47
9414,14,8,12,50
9415,16,4,14,52
9416,18,10,6,64
9417,19,8,7,65
9418,20,5,9,65
9419,15,7,12,52
9420,13,11,10,50
9421,19,7,8,64
9422,18,5,11,59
9423,13,5,16,44
9424,15,8,11,53
9425,18,3,13,57
9426,15,11,8,56
9427,15,6,13,51
9428,16,10,8,58
9429,15,9,10,54
9430,17,5,12,56
9431,14,8,12,50
9432,18,7,9,61
9433,15,6,13,51
9434,15,12,7,57
9435,14,10,10,52
9436,17,6,11,57
9437,17,7,10,58
9438,20,7,7,67
9439,14,12,8,54
9440,15,14,5,59
9441,17,6,11,57
9442,15,7,12,52
9443,15,8,11,53
9444,20,5,9,65
9445,16,6,12,54
9446,17,6,11,57
9447,15,8,11,53
9448,17,10,7,61
9449,14,4,16,46
9450,16,6,12,54
9451,19,6,9,63
9452,23,6,5,75
9453,16,10,8,58
9454,14,5,15,47
9455,12,9,13,45
9456,15,7,12,52
9457,18,8,8,62
9458,16,6,12,54
9459,12,7,15,43
9460,21,2,11,65
9461,17,5,12,56
9462,15,9,10,54
9463,19,6,9,63
9464,12,9,13,45
9465,19,3,12,60
9466,12,13,9,49
9467,13,11,10,50
9468,15,9,10,54
9469,17,7,10,58
9470,21,7,6,70
9471,19,6,9,63
9472,16,8,10,56
9473,17,7,10,58
9474,16,7,11,55
9475,12,5,17,41
9476,18,7,9,61
9477,11,11,12,44
9478,18,3,13,57
9479,14,6,14,48
9480,16,9,9,57
9481,14,7,13,49
9482,16,5,13,53
9483,17,6,11,57
9484,14,9,11,51
9485,19,8,7,65
9486,15,9,10,54
9487,16,9,9,57
9488,15,7,12,52
9489,17,9,8,60
9490,13,10,11,49
9491,13,5,16,44
9492,16,9,9,57
9493,16,7,11,55
9494,20,3,11,63
9495,16,6,12,54
9496,20,7,7,67
9497,16,7,11,55
9498,19,7,8,64
9499,17,8,9,59
9500,15,10,9,55
9501,14,8,12,50
9502,13,8,13,47
9503,17,8,9,59
9504,22,5,7,71
9505,16,8,10,56
9506,16,3,15,51
9507,18,4,12,58
9508,16,6,12,54
9509,20,7,7,67
9510,13,8,13,47
9511,14,9,11,51
9512,15,11,8,56
9513,17,8,9,59
9514,13,8,13,47
9515,20,6,8,66
9516,18,6,10,60
9517,16,7,11,55
9518,19,7,8,64
9519,17,10,7,61
9520,15,7,12,52
9521,17,4,13,55
9522,12,9,13,45
9523,15,8,11,53
9524,16,12,6,60
9525,15,5,14,50
9526,14,10,10,52
9527,14,10,10,52
9528,13,13,8,52
9529,16,4,14,52
9530,21,5,8,68
9531,19,7,8,64
9532,14,10,10,52
9533,13,11,10,50
9534,18,6,10,60
9535,18,4,12,58
9536,13,6,15,45
9537,15,11,8,56
9538,17,4,13,55
9539,12,9,13,45
9540,14,9,11,51
9541,15,7,12,52
9542,20,4,10,64
9543,15,12,7,57
9544,16,8,10,56
9545,16,5,13,53
9546,17,9,8,60
9547,14,12,8,54
9548,12,8,14,44
9549,16,6,12,54
9550,23,6,5,75
9551,13,5,16,44
9552,20,4,10,64
9553,24,4,6,76
9554,17,4,13,55
9555,17,5,12,56
9556,12,11,11,47
9557,12,8,14,44
9558,20,8,6,68
9559,19,6,9,63
9560,13,6,15,45
9561,19,6,9,63
9562,17,7,10,58
9563,21,4,9,67
9564,18,6,10,60
9565,15,7,12,52
9566,14,7,13,49
9567,14,6,14,48
9568,16,12,6,60
9569,14,7,13,49
9570,13,14,7,53
9571,13,9,12,48
9572,18,6,10,60
9573,14,8,12,50
9574,16,8,10,56
9575,16,9,9,57
9576,20,5,9,65
9577,14,10,10,52
9578,15,9,10,54
9579,17,5,12,56
9580,12,8,14,44
9581,19,8,7,65
9582,23,3,8,72
9583,16,3,15,51
9584,17,8,9,59
9585,25,3,6,78
9586,15,6,13,51
9587,15,8,11,53
9588,17,6,11,57
9589,15,9,10,54
9590,20,8,6,68
9591,16,5,13,53
9592,17,6,11,57
9593,12,12,10,48
9594,12,7,15,43
9595,13,14,7,53
9596,15,6,13,51
9597,19,6,9,63
9598,21,7,6,70
9599,20,3,11,63
9600,10,16,8,46
9601,16,3,15,51
9602,13,8,13,47
9603,18,6,10,60
9604,17,6,11,57
9605,16,7,11,55
9606,17,7,10,58
9607,23,3,8,72
9608,13,7,14,46
9609,12,11,11,47
9610,14,10,10,52
9611,14,6,14,48
9612,15,12,7,57
9613,15,12,7,57
9614,16,9,9,57
9615,15,9,10,54
9616,16,8,10,56
9617,16,8,10,56
9618,19,2,13,59
9619,16,6,12,54
9620,23,4,7,73
9621,16,9,9,57
9622,17,5,12,56
9623,16,9,9,57
9624,15,7,12,52
9625,14,10,10,52
9626,15,9,10,54
9627,14,13,7,55
9628,19,3,12,60
9629,12,7,15,43
9630,19,7,8,64
9631,17,9,8,60
9632,16,9,9,57
9633,18,7,9,61
9634,12,5,17,41
9635,15,8,11,53
9636,16,10,8,58
9637,17,7,10,58
9638,19,5,10,62
9639,17,6,11,57
9640,19,7,8,64
9641,17,6,11,57
9642,14,4,16,46
9643,17,5,12,56
9644,16,6,12,54
9645,14,6,14,48
9646,18,5,11,59
9647,15,12,7,57
9648,14,8,12,50
9649,16,5,13,53
9650,14,7,13,49
9651,17,7,10,58
9652,19,4,11,61
9653,16,8,10,56
9654,16,9,9,57
9655,15,9,10,54
9656,16,9,9,57
9657,12,7,15,43
9658,21,9,4,72
9659,17,9,8,60
9660,17,5,12,56
9661,16,5,13,53
9662,16,7,11,55
9663,16,9,9,57
9664,11,8,15,41
9665,21,4,9,67
9666,13,11,10,50
9667,11,10,13,43
9668,17,7,10,58
9669,12,12,10,48
9670,12,9,13,45
9671,18,3,13,57
9672,14,7,13,49
9673,17,6,11,57
9674,22,6,6,72
9675,14,8,12,50
9676,14,8,12,50
9677,16,8,10,56
9678,14,14,6,56
9679,15,5,14,50
9680,16,8,10,56
9681,15,6,13,51
9682,24,7,3,79
9683,21,5,8,68
9684,16,10,8,58
9685,20,6,8,66
9686,13,6,15,45
9687,14,6,14,48
9688,18,7,9,61
9689,14,8,12,50
9690,13,8,13,47
9691,15,5,14,50
9692,20,5,9,65
9693,18,7,9,61
9694,17,5,12,56
9695,19,7,8,64
9696,15,10,9,55
9697,12,7,15,43
9698,14,9,11,51
9699,14,5,15,47
9700,15,8,11,53
9701,19,7,8,64
9702,14,6,14,48
9703,14,8,12,50
9704,18,11,5,65
9705,17,11,6,62
9706,15,6,13,51
9707,15,5,14,50
9708,18,8,8,62
9709,17,6,11,57
9710,14,6,14,48
9711,18,5,11,59
9712,13,12,9,51
9713,12,10,12,46
9714,16,7,11,55
9715,16,6,12,54
9716,17,6,11,57
9717,16,7,11,55
9718,18,7,9,61
9719,20,7,7,67
9720,17,9,8,60
9721,16,7,11,55
9722,11,11,12,44
9723,13,8,13,47
9724,14,2,18,44
9725,19,6,9,63
9726,15,6,13,51
9727,15,10,9,55
9728,20,4,10,64
9729,14,8,12,50
9730,19,6,9,63
9731,14,5,15,47
9732,15,10,9,55
9733,15,8,11,53
9734,22,7,5,73
9735,18,1,15,55
9736,17,6,11,57
9737,17,7,10,58
9738,19,8,7,65
9739,17,7,10,58
9740,18,9,7,63
9741,15,7,12,52
9742,16,8,10,56
9743,22,6,6,72
9744,20,7,7,67
9745,13,14,7,53
9746,20,7,7,67
9747,18,8,8,62
9748,15,12,7,57
9749,13,14,7,53
9750,15,9,10,54
9751,18,7,9,61
9752,18,9,7,63
9753,18,4,12,58
9754,12,8,14,44
9755,13,6,15,45
9756,21,8,5,71
9757,23,6,5,75
9758,16,6,12,54
9759,17,6,11,57
9760,12,10,12,46
9761,15,7,12,52
9762,14,4,16,46
9763,18,10,6,64
9764,12,8,14,44
9765,15,12,7,57
9766,12,10,12,46
9767,21,4,9,67
9768,12,10,12,46
9769,17,5,12,56
9770,15,10,9,55
9771,12,7,15,43
9772,15,5,14,50
9773,13,8,13,47
9774,17,6,11,57
9775,19,5,10,62
9776,13,9,12,48
9777,17,6,11,57
9778,17,7,10,58
9779,18,5,11,59
9780,16,8,10,56
9781,18,4,12,58
9782,17,6,11,57
9783,14,9,11,51
9784,16,6,12,54
9785,19,6,9,63
9786,10,10,14,40
9787,18,4,12,58
9788,17,7,10,58
9789,11,10,13,43
9790,16,12,6,60
9791,16,5,13,53
9792,16,8,10,56
9793,15,9,10,54
9794,12,8,14,44
9795,17,7,10,58
9796,11,10,13,43
9797,19,6,9,63
9798,17,6,11,57
9799,15,7,12,52
9800,20,5,9,65
9801,15,7,12,52
9802,16,7,11,55
9803,16,6,12,54
9804,15,8,11,53
9805,16,10,8,58
9806,13,8,13,47
9807,16,9,9,57
9808,17,6,11,57
9809,16,8,10,56
9810,12,10,12,46
9811,15,6,13,51
9812,18,6,10,60
9813,18,6,10,60
9814,14,10,10,52
9815,14,5,15,47
9816,15,10,9,55
9817,12,12,10,48
9818,13,10,11,49
9819,15,8,11,53
9820,19,5,10,62
9821,23,2,9,71
9822,10,8,16,38
9823,15,9,10,54
9824,16,9,9,57
9825,15,9,10,54
9826,18,7,9,61
9827,12,7,15,43
9828,6,11,17,29
9829,19,7,8,64
9830,18,6,10,60
9831,14,8,12,50
9832,21,6,7,69
9833,18,10,6,64
9834,17,10,7,61
9835,11,8,15,41
9836,18,4,12,58
9837,16,11,7,59
9838,20,5,9,65
9839,18,6,10,60
9840,13,11,10,50
9841,17,7,10,58
9842,18,4,12,58
9843,18,6,10,60
9844,9,12,13,39
9845,18,6,10,60
9846,15,8,11,53
9847,17,12,5,63
9848,12,11,11,47
9849,16,8,10,56
9850,17,6,11,57
9851,17,7,10,58
9852,11,10,13,43
9853,17,6,11,57
9854,16,5,13,53
9855,15,4,15,49
9856,9,12,13,39
9857,19,8,7,65
9858,13,5,16,44
9859,14,8,12,50
9860,13,14,7,53
9861,16,4,14,52
9862,14,4,16,46
9863,16,6,12,54
9864,15,11,8,56
9865,13,8,13,47
9866,15,10,9,55
9867,15,8,11,53
9868,16,9,9,57
9869,13,9,12,48
9870,11,7,16,40
9871,14,7,13,49
9872,16,7,11,55
9873,17,6,11,57
9874,16,7,11,55
9875,19,4,11,61
9876,16,11,7,59
9877,21,5,8,68
9878,19,4,11,61
9879,16,6,12,54
9880,18,6,10,60
9881,20,5,9,65
9882,18,5,11,59
9883,15,10,9,55
9884,16,13,5,61
9885,18,5,11,59
9886,12,10,12,46
9887,16,8,10,56
9888,15,11,8,56
9889,20,4,10,64
9890,18,6,10,60
9891,15,15,4,60
9892,16,6,12,54
9893,17,7,10,58
9894,18,4,12,58
9895,17,8,9,59
9896,20,3,11,63
9897,18,10,6,64
9898,15,9,10,54
9899,12,12,10,48
9900,13,8,13,47
9901,16,5,13,53
9902,17,7,10,58
9903,16,5,13,53
9904,14,6,14,48
9905,19,10,5,67
9906,17,8,9,59
9907,18,7,9,61
9908,11,13,10,46
9909,17,6,11,57
9910,13,9,12,48
9911,16,8,10,56
9912,16,10,8,58
9913,19,8,7,65
9914,17,11,6,62
9915,13,8,13,47
9916,18,7,9,61
9917,19,2,13,59
9918,14,10,10,52
9919,12,6,16,42
9920,14,5,15,47
9921,18,9,7,63
9922,16,8,10,56
9923,14,10,10,52
9924,15,8,11,53
9925,17,7,10,58
9926,18,4,12,58
9927,21,4,9,67
9928,17,5,12,56
9929,21,3,10,66
9930,14,9,11,51
9931,17,7,10,58
9932,15,8,11,53
9933,18,10,6,64
9934,16,4,14,52
9935,18,11,5,65
9936,11,14,9,47
9937,16,5,13,53
9938,16,8,10,56
9939,18,9,7,63
9940,18,5,11,59
9941,12,10,12,46
9942,20,7,7,67
9943,16,11,7,59
9944,20,9,5,69
9945,15,10,9,55
9946,20,4,10,64
9947,7,16,11,37
9948,18,5,11,59
9949,14,6,14,48
9950,19,7,8,64
9951,19,3,12,60
9952,16,6,12,54
9953,16,7,11,55
9954,14,7,13,49
9955,17,5,12,56
9956,14,8,12,50
9957,19,3,12,60
9958,14,11,9,53
9959,14,7,13,49
9960,17,12,5,63
9961,21,7,6,70
9962,19,7,8,64
9963,16,8,10,56
9964,17,7,10,58
9965,14,9,11,51
9966,17,10,7,61
9967,17,11,6,62
9968,15,7,12,52
9969,15,10,9,55
9970,15,6,13,51
9971,17,7,10,58
9972,21,4,9,67
9973,13,7,14,46
9974,15,8,11,53
9975,14,2,18,44
9976,12,13,9,49
9977,22,3,9,69
9978,19,4,11,61
9979,16,5,13,53
9980,16,5,13,53
9981,19,5,10,62
9982,14,8,12,50
9983,17,6,11,57
9984,14,11,9,53
9985,18,4,12,58
9986,15,4,15,49
9987,15,6,13,51
9988,14,9,11,51
9989,14,9,11,51
9990,17,8,9,59
9991,17,6,11,57
9992,16,7,11,55
9993,17,7,10,58
9994,17,10,7,61
9995,21,6,7,69
9996,13,8,13,47
9997,16,4,14,52
9998,15,4,15,49
9999,12,10,12,46
10000,16,8,10,56
